Review_Text,Sentiment
Review #0: Exceeded expectations in performance and speed. Very satisfied customer.,1
"Warning: Terrible quality, broke after just two days of normal use. Completely unacceptable.",0
Product feedback: Customer service was outstanding and resolved my question immediately. Five stars!,1
Review #3: Extremely slow performance and constant freezing. Waste of hard earned money.,0
Review #4: Exceeded expectations in performance and speed. Very satisfied customer.,1
Overheats dangerously within fifteen minutes of use. Major fire hazard.,0
"Review #6: Absolutely wonderful product! Exceeded all my expectations, great quality and build.",1
Customer complaint: Do not buy! Customer support refused to issue a refund or acknowledge defect.,0
Review #8: Customer service was outstanding and resolved my question immediately. Five stars!,1
Customer complaint: Confusing instructions and impossible to assemble. Missing half the screws.,0
Brilliant user interface and responsive touch controls. A joy to use daily.,1
Battery drains completely within two hours. Completely useless for daily travel.,0
Honest thoughts: Durable materials and premium finish. Feels like a luxury item at a budget price.,1
"Review #13: Poor build quality, loose ports, and cables do not fit properly.",0
"Product feedback: Works like a charm! No lag, no overheating, perfectly reliable.",1
App crashes constantly and fails to sync data. Completely broken software.,0
Honest thoughts: Amazing value for money. Cheaper than competitors but performs twice as well.,1
Customer complaint: Extremely slow performance and constant freezing. Waste of hard earned money.,0
"Honest thoughts: Works like a charm! No lag, no overheating, perfectly reliable.",1
Review #19: Do not buy! Customer support refused to issue a refund or acknowledge defect.,0
Review #20: Super fast shipping and excellent packaging. Will definitely buy again from this seller.,1
Warning: Defective out of the box. Power button does not respond at all. Very disappointed.,0
Honest thoughts: Durable materials and premium finish. Feels like a luxury item at a budget price.,1
"Review #23: Poor build quality, loose ports, and cables do not fit properly.",0
Brilliant user interface and responsive touch controls. A joy to use daily.,1
Review #25: Confusing instructions and impossible to assemble. Missing half the screws.,0
Lightweight yet sturdy design. Fits comfortably in hand and looks gorgeous.,1
Warning: Do not buy! Customer support refused to issue a refund or acknowledge defect.,0
Honest thoughts: The camera captures stunning detail in low light. Highly impressive hardware.,1
Customer complaint: Overheats dangerously within fifteen minutes of use. Major fire hazard.,0
Review #30: Brilliant user interface and responsive touch controls. A joy to use daily.,1
"Customer complaint: Terrible quality, broke after just two days of normal use. Completely unacceptable.",0
"Honest thoughts: Works like a charm! No lag, no overheating, perfectly reliable.",1
Customer complaint: Do not buy! Customer support refused to issue a refund or acknowledge defect.,0
Review #34: The camera captures stunning detail in low light. Highly impressive hardware.,1
"Warning: Horrible experience with shipping, arrived two weeks late with crushed packaging.",0
Honest thoughts: The sound quality is crisp and clear with punchy bass. Love using these headphones.,1
Warning: Extremely slow performance and constant freezing. Waste of hard earned money.,0
Product feedback: Amazing value for money. Cheaper than competitors but performs twice as well.,1
Warning: False advertising! Does not have the features promised in the description.,0
Review #40: Brilliant user interface and responsive touch controls. A joy to use daily.,1
Customer complaint: Overheats dangerously within fifteen minutes of use. Major fire hazard.,0
"Product feedback: Very easy setup process, took less than five minutes. Seamless bluetooth connection.",1
Extremely slow performance and constant freezing. Waste of hard earned money.,0
Honest thoughts: Super fast shipping and excellent packaging. Will definitely buy again from this seller.,1
"Customer complaint: Worst purchase I have ever made online. Total garbage, asking for chargeback.",0
Honest thoughts: Exceeded expectations in performance and speed. Very satisfied customer.,1
"Review #47: Dull display, washed out colors, and dead pixels right in the center.",0
Review #48: Customer service was outstanding and resolved my question immediately. Five stars!,1
"Warning: Poor build quality, loose ports, and cables do not fit properly.",0
Honest thoughts: Super fast shipping and excellent packaging. Will definitely buy again from this seller.,1
Customer complaint: Do not buy! Customer support refused to issue a refund or acknowledge defect.,0
Honest thoughts: Lightweight yet sturdy design. Fits comfortably in hand and looks gorgeous.,1
Battery drains completely within two hours. Completely useless for daily travel.,0
Super fast shipping and excellent packaging. Will definitely buy again from this seller.,1
Warning: Extremely slow performance and constant freezing. Waste of hard earned money.,0
Product feedback: Incredible battery life and beautiful screen display. Best purchase of the year!,1
Warning: App crashes constantly and fails to sync data. Completely broken software.,0
Brilliant user interface and responsive touch controls. A joy to use daily.,1
"Worst purchase I have ever made online. Total garbage, asking for chargeback.",0
Product feedback: Amazing value for money. Cheaper than competitors but performs twice as well.,1
Extremely slow performance and constant freezing. Waste of hard earned money.,0
"Review #62: Fast delivery, works perfectly out of the box. Highly recommended to everyone.",1
"Review #63: Dull display, washed out colors, and dead pixels right in the center.",0
Product feedback: Incredible battery life and beautiful screen display. Best purchase of the year!,1
"Poor build quality, loose ports, and cables do not fit properly.",0
Review #66: Durable materials and premium finish. Feels like a luxury item at a budget price.,1
"Horrible experience with shipping, arrived two weeks late with crushed packaging.",0
Durable materials and premium finish. Feels like a luxury item at a budget price.,1
Warning: Confusing instructions and impossible to assemble. Missing half the screws.,0
"Review #70: Very easy setup process, took less than five minutes. Seamless bluetooth connection.",1
Review #71: False advertising! Does not have the features promised in the description.,0
Honest thoughts: Exceeded expectations in performance and speed. Very satisfied customer.,1
"Warning: Poor build quality, loose ports, and cables do not fit properly.",0
"Honest thoughts: Fast delivery, works perfectly out of the box. Highly recommended to everyone.",1
"Customer complaint: Horrible experience with shipping, arrived two weeks late with crushed packaging.",0
Review #76: The sound quality is crisp and clear with punchy bass. Love using these headphones.,1
Warning: App crashes constantly and fails to sync data. Completely broken software.,0
"Product feedback: Very easy setup process, took less than five minutes. Seamless bluetooth connection.",1
Review #79: Confusing instructions and impossible to assemble. Missing half the screws.,0
Honest thoughts: The camera captures stunning detail in low light. Highly impressive hardware.,1
"Customer complaint: Dull display, washed out colors, and dead pixels right in the center.",0
Honest thoughts: Incredible battery life and beautiful screen display. Best purchase of the year!,1
"Customer complaint: Poor build quality, loose ports, and cables do not fit properly.",0
"Review #84: Very easy setup process, took less than five minutes. Seamless bluetooth connection.",1
Warning: Overheats dangerously within fifteen minutes of use. Major fire hazard.,0
Review #86: The sound quality is crisp and clear with punchy bass. Love using these headphones.,1
Warning: Do not buy! Customer support refused to issue a refund or acknowledge defect.,0
Honest thoughts: Lightweight yet sturdy design. Fits comfortably in hand and looks gorgeous.,1
Review #89: Battery drains completely within two hours. Completely useless for daily travel.,0
Review #90: Customer service was outstanding and resolved my question immediately. Five stars!,1
Do not buy! Customer support refused to issue a refund or acknowledge defect.,0
Review #92: The camera captures stunning detail in low light. Highly impressive hardware.,1
"Customer complaint: Poor build quality, loose ports, and cables do not fit properly.",0
Incredible battery life and beautiful screen display. Best purchase of the year!,1
Customer complaint: Confusing instructions and impossible to assemble. Missing half the screws.,0
"Solid construction, sleek modern design, and very intuitive to operate.",1
Customer complaint: Battery drains completely within two hours. Completely useless for daily travel.,0
Honest thoughts: Brilliant user interface and responsive touch controls. A joy to use daily.,1
"Warning: Horrible experience with shipping, arrived two weeks late with crushed packaging.",0
The sound quality is crisp and clear with punchy bass. Love using these headphones.,1
Customer complaint: Do not buy! Customer support refused to issue a refund or acknowledge defect.,0
Review #102: Customer service was outstanding and resolved my question immediately. Five stars!,1
Review #103: Defective out of the box. Power button does not respond at all. Very disappointed.,0
Product feedback: Durable materials and premium finish. Feels like a luxury item at a budget price.,1
Customer complaint: Overheats dangerously within fifteen minutes of use. Major fire hazard.,0
"Review #106: Absolutely wonderful product! Exceeded all my expectations, great quality and build.",1
Review #107: App crashes constantly and fails to sync data. Completely broken software.,0
Review #108: Customer service was outstanding and resolved my question immediately. Five stars!,1
"Review #109: Worst purchase I have ever made online. Total garbage, asking for chargeback.",0
Honest thoughts: The camera captures stunning detail in low light. Highly impressive hardware.,1
Customer complaint: Do not buy! Customer support refused to issue a refund or acknowledge defect.,0
"Solid construction, sleek modern design, and very intuitive to operate.",1
Customer complaint: Battery drains completely within two hours. Completely useless for daily travel.,0
Brilliant user interface and responsive touch controls. A joy to use daily.,1
Battery drains completely within two hours. Completely useless for daily travel.,0
"Works like a charm! No lag, no overheating, perfectly reliable.",1
Review #117: Battery drains completely within two hours. Completely useless for daily travel.,0
"Fast delivery, works perfectly out of the box. Highly recommended to everyone.",1
Defective out of the box. Power button does not respond at all. Very disappointed.,0
Super fast shipping and excellent packaging. Will definitely buy again from this seller.,1
"Review #121: Dull display, washed out colors, and dead pixels right in the center.",0
Review #122: Exceeded expectations in performance and speed. Very satisfied customer.,1
"Terrible quality, broke after just two days of normal use. Completely unacceptable.",0
Honest thoughts: Brilliant user interface and responsive touch controls. A joy to use daily.,1
"Review #125: Poor build quality, loose ports, and cables do not fit properly.",0
Product feedback: Customer service was outstanding and resolved my question immediately. Five stars!,1
Battery drains completely within two hours. Completely useless for daily travel.,0
Incredible battery life and beautiful screen display. Best purchase of the year!,1
Warning: Extremely slow performance and constant freezing. Waste of hard earned money.,0
Product feedback: The sound quality is crisp and clear with punchy bass. Love using these headphones.,1
"Review #131: Dull display, washed out colors, and dead pixels right in the center.",0
Review #132: The sound quality is crisp and clear with punchy bass. Love using these headphones.,1
"Review #133: Terrible quality, broke after just two days of normal use. Completely unacceptable.",0
"Product feedback: Fast delivery, works perfectly out of the box. Highly recommended to everyone.",1
Extremely slow performance and constant freezing. Waste of hard earned money.,0
The sound quality is crisp and clear with punchy bass. Love using these headphones.,1
Battery drains completely within two hours. Completely useless for daily travel.,0
Review #138: Lightweight yet sturdy design. Fits comfortably in hand and looks gorgeous.,1
Extremely slow performance and constant freezing. Waste of hard earned money.,0
"Absolutely wonderful product! Exceeded all my expectations, great quality and build.",1
"Cheap plastic construction, noisy rattling parts, and feels flimsy.",0
"Solid construction, sleek modern design, and very intuitive to operate.",1
App crashes constantly and fails to sync data. Completely broken software.,0
Product feedback: Incredible battery life and beautiful screen display. Best purchase of the year!,1
"Customer complaint: Cheap plastic construction, noisy rattling parts, and feels flimsy.",0
"Review #146: Absolutely wonderful product! Exceeded all my expectations, great quality and build.",1
Warning: App crashes constantly and fails to sync data. Completely broken software.,0
"Review #148: Absolutely wonderful product! Exceeded all my expectations, great quality and build.",1
Overheats dangerously within fifteen minutes of use. Major fire hazard.,0
"Product feedback: Very easy setup process, took less than five minutes. Seamless bluetooth connection.",1
"Review #151: Terrible quality, broke after just two days of normal use. Completely unacceptable.",0
Product feedback: The camera captures stunning detail in low light. Highly impressive hardware.,1
Review #153: Do not buy! Customer support refused to issue a refund or acknowledge defect.,0
Product feedback: Exceeded expectations in performance and speed. Very satisfied customer.,1
"Review #155: Horrible experience with shipping, arrived two weeks late with crushed packaging.",0
Product feedback: Lightweight yet sturdy design. Fits comfortably in hand and looks gorgeous.,1
Review #157: Overheats dangerously within fifteen minutes of use. Major fire hazard.,0
Review #158: Durable materials and premium finish. Feels like a luxury item at a budget price.,1
"Warning: Horrible experience with shipping, arrived two weeks late with crushed packaging.",0
Honest thoughts: Lightweight yet sturdy design. Fits comfortably in hand and looks gorgeous.,1
Warning: Battery drains completely within two hours. Completely useless for daily travel.,0
Honest thoughts: Customer service was outstanding and resolved my question immediately. Five stars!,1
"Customer complaint: Horrible experience with shipping, arrived two weeks late with crushed packaging.",0
Honest thoughts: Exceeded expectations in performance and speed. Very satisfied customer.,1
Warning: Sound is muffled and distorted even at medium volume. Painful to listen to.,0
Review #166: Lightweight yet sturdy design. Fits comfortably in hand and looks gorgeous.,1
"Terrible quality, broke after just two days of normal use. Completely unacceptable.",0
Review #168: Durable materials and premium finish. Feels like a luxury item at a budget price.,1
Customer complaint: Do not buy! Customer support refused to issue a refund or acknowledge defect.,0
"Honest thoughts: Very easy setup process, took less than five minutes. Seamless bluetooth connection.",1
Warning: Extremely slow performance and constant freezing. Waste of hard earned money.,0
Review #172: Lightweight yet sturdy design. Fits comfortably in hand and looks gorgeous.,1
"Customer complaint: Worst purchase I have ever made online. Total garbage, asking for chargeback.",0
Honest thoughts: Amazing value for money. Cheaper than competitors but performs twice as well.,1
Extremely slow performance and constant freezing. Waste of hard earned money.,0
Honest thoughts: The camera captures stunning detail in low light. Highly impressive hardware.,1
Review #177: Overheats dangerously within fifteen minutes of use. Major fire hazard.,0
Honest thoughts: Exceeded expectations in performance and speed. Very satisfied customer.,1
"Review #179: Worst purchase I have ever made online. Total garbage, asking for chargeback.",0
Product feedback: Lightweight yet sturdy design. Fits comfortably in hand and looks gorgeous.,1
"Review #181: Cheap plastic construction, noisy rattling parts, and feels flimsy.",0
Review #182: Lightweight yet sturdy design. Fits comfortably in hand and looks gorgeous.,1
Customer complaint: App crashes constantly and fails to sync data. Completely broken software.,0
"Honest thoughts: Solid construction, sleek modern design, and very intuitive to operate.",1
Customer complaint: Overheats dangerously within fifteen minutes of use. Major fire hazard.,0
Honest thoughts: Brilliant user interface and responsive touch controls. A joy to use daily.,1
Warning: Battery drains completely within two hours. Completely useless for daily travel.,0
"Very easy setup process, took less than five minutes. Seamless bluetooth connection.",1
"Review #189: Cheap plastic construction, noisy rattling parts, and feels flimsy.",0
"Fast delivery, works perfectly out of the box. Highly recommended to everyone.",1
"Warning: Dull display, washed out colors, and dead pixels right in the center.",0
"Review #192: Absolutely wonderful product! Exceeded all my expectations, great quality and build.",1
Customer complaint: Defective out of the box. Power button does not respond at all. Very disappointed.,0
Honest thoughts: Exceeded expectations in performance and speed. Very satisfied customer.,1
Extremely slow performance and constant freezing. Waste of hard earned money.,0
"Very easy setup process, took less than five minutes. Seamless bluetooth connection.",1
Review #197: Confusing instructions and impossible to assemble. Missing half the screws.,0
"Review #198: Fast delivery, works perfectly out of the box. Highly recommended to everyone.",1
"Customer complaint: Worst purchase I have ever made online. Total garbage, asking for chargeback.",0
"Review #200: Very easy setup process, took less than five minutes. Seamless bluetooth connection.",1
"Warning: Dull display, washed out colors, and dead pixels right in the center.",0
Product feedback: Durable materials and premium finish. Feels like a luxury item at a budget price.,1
"Customer complaint: Horrible experience with shipping, arrived two weeks late with crushed packaging.",0
"Honest thoughts: Absolutely wonderful product! Exceeded all my expectations, great quality and build.",1
Review #205: Defective out of the box. Power button does not respond at all. Very disappointed.,0
Honest thoughts: Lightweight yet sturdy design. Fits comfortably in hand and looks gorgeous.,1
Customer complaint: Battery drains completely within two hours. Completely useless for daily travel.,0
Review #208: Exceeded expectations in performance and speed. Very satisfied customer.,1
Defective out of the box. Power button does not respond at all. Very disappointed.,0
Product feedback: Durable materials and premium finish. Feels like a luxury item at a budget price.,1
"Customer complaint: Worst purchase I have ever made online. Total garbage, asking for chargeback.",0
Product feedback: The camera captures stunning detail in low light. Highly impressive hardware.,1
"Customer complaint: Poor build quality, loose ports, and cables do not fit properly.",0
Lightweight yet sturdy design. Fits comfortably in hand and looks gorgeous.,1
"Customer complaint: Terrible quality, broke after just two days of normal use. Completely unacceptable.",0
Honest thoughts: Brilliant user interface and responsive touch controls. A joy to use daily.,1
"Poor build quality, loose ports, and cables do not fit properly.",0
"Product feedback: Works like a charm! No lag, no overheating, perfectly reliable.",1
"Customer complaint: Cheap plastic construction, noisy rattling parts, and feels flimsy.",0
"Review #220: Works like a charm! No lag, no overheating, perfectly reliable.",1
"Review #221: Horrible experience with shipping, arrived two weeks late with crushed packaging.",0
The camera captures stunning detail in low light. Highly impressive hardware.,1
Customer complaint: Battery drains completely within two hours. Completely useless for daily travel.,0
The camera captures stunning detail in low light. Highly impressive hardware.,1
Warning: Defective out of the box. Power button does not respond at all. Very disappointed.,0
Product feedback: The camera captures stunning detail in low light. Highly impressive hardware.,1
Review #227: Battery drains completely within two hours. Completely useless for daily travel.,0
Product feedback: Exceeded expectations in performance and speed. Very satisfied customer.,1
"Warning: Horrible experience with shipping, arrived two weeks late with crushed packaging.",0
"Review #230: Solid construction, sleek modern design, and very intuitive to operate.",1
"Warning: Poor build quality, loose ports, and cables do not fit properly.",0
Amazing value for money. Cheaper than competitors but performs twice as well.,1
Warning: False advertising! Does not have the features promised in the description.,0
"Review #234: Absolutely wonderful product! Exceeded all my expectations, great quality and build.",1
"Warning: Worst purchase I have ever made online. Total garbage, asking for chargeback.",0
Honest thoughts: Incredible battery life and beautiful screen display. Best purchase of the year!,1
"Review #237: Terrible quality, broke after just two days of normal use. Completely unacceptable.",0
Durable materials and premium finish. Feels like a luxury item at a budget price.,1
Warning: Defective out of the box. Power button does not respond at all. Very disappointed.,0
Review #240: Super fast shipping and excellent packaging. Will definitely buy again from this seller.,1
"Customer complaint: Horrible experience with shipping, arrived two weeks late with crushed packaging.",0
"Review #242: Solid construction, sleek modern design, and very intuitive to operate.",1
App crashes constantly and fails to sync data. Completely broken software.,0
"Product feedback: Absolutely wonderful product! Exceeded all my expectations, great quality and build.",1
Defective out of the box. Power button does not respond at all. Very disappointed.,0
"Honest thoughts: Fast delivery, works perfectly out of the box. Highly recommended to everyone.",1
Warning: Overheats dangerously within fifteen minutes of use. Major fire hazard.,0
Review #248: Exceeded expectations in performance and speed. Very satisfied customer.,1
Warning: App crashes constantly and fails to sync data. Completely broken software.,0
"Honest thoughts: Very easy setup process, took less than five minutes. Seamless bluetooth connection.",1
False advertising! Does not have the features promised in the description.,0
Amazing value for money. Cheaper than competitors but performs twice as well.,1
Warning: App crashes constantly and fails to sync data. Completely broken software.,0
"Product feedback: Very easy setup process, took less than five minutes. Seamless bluetooth connection.",1
Battery drains completely within two hours. Completely useless for daily travel.,0
Exceeded expectations in performance and speed. Very satisfied customer.,1
Customer complaint: False advertising! Does not have the features promised in the description.,0
Honest thoughts: Durable materials and premium finish. Feels like a luxury item at a budget price.,1
"Review #259: Horrible experience with shipping, arrived two weeks late with crushed packaging.",0
"Honest thoughts: Solid construction, sleek modern design, and very intuitive to operate.",1
Battery drains completely within two hours. Completely useless for daily travel.,0
"Honest thoughts: Works like a charm! No lag, no overheating, perfectly reliable.",1
Sound is muffled and distorted even at medium volume. Painful to listen to.,0
Product feedback: The sound quality is crisp and clear with punchy bass. Love using these headphones.,1
Confusing instructions and impossible to assemble. Missing half the screws.,0
"Product feedback: Works like a charm! No lag, no overheating, perfectly reliable.",1
Review #267: False advertising! Does not have the features promised in the description.,0
"Honest thoughts: Solid construction, sleek modern design, and very intuitive to operate.",1
Customer complaint: Do not buy! Customer support refused to issue a refund or acknowledge defect.,0
Honest thoughts: Exceeded expectations in performance and speed. Very satisfied customer.,1
Customer complaint: Battery drains completely within two hours. Completely useless for daily travel.,0
Review #272: Incredible battery life and beautiful screen display. Best purchase of the year!,1
"Customer complaint: Terrible quality, broke after just two days of normal use. Completely unacceptable.",0
Review #274: The sound quality is crisp and clear with punchy bass. Love using these headphones.,1
Sound is muffled and distorted even at medium volume. Painful to listen to.,0
Product feedback: Lightweight yet sturdy design. Fits comfortably in hand and looks gorgeous.,1
App crashes constantly and fails to sync data. Completely broken software.,0
The sound quality is crisp and clear with punchy bass. Love using these headphones.,1
Customer complaint: Battery drains completely within two hours. Completely useless for daily travel.,0
Review #280: Exceeded expectations in performance and speed. Very satisfied customer.,1
"Review #281: Worst purchase I have ever made online. Total garbage, asking for chargeback.",0
"Works like a charm! No lag, no overheating, perfectly reliable.",1
Customer complaint: Battery drains completely within two hours. Completely useless for daily travel.,0
"Works like a charm! No lag, no overheating, perfectly reliable.",1
"Customer complaint: Terrible quality, broke after just two days of normal use. Completely unacceptable.",0
Review #286: Lightweight yet sturdy design. Fits comfortably in hand and looks gorgeous.,1
Customer complaint: Sound is muffled and distorted even at medium volume. Painful to listen to.,0
"Works like a charm! No lag, no overheating, perfectly reliable.",1
Warning: False advertising! Does not have the features promised in the description.,0
"Works like a charm! No lag, no overheating, perfectly reliable.",1
Overheats dangerously within fifteen minutes of use. Major fire hazard.,0
The camera captures stunning detail in low light. Highly impressive hardware.,1
"Customer complaint: Worst purchase I have ever made online. Total garbage, asking for chargeback.",0
Brilliant user interface and responsive touch controls. A joy to use daily.,1
Warning: Sound is muffled and distorted even at medium volume. Painful to listen to.,0
"Product feedback: Works like a charm! No lag, no overheating, perfectly reliable.",1
"Warning: Dull display, washed out colors, and dead pixels right in the center.",0
"Works like a charm! No lag, no overheating, perfectly reliable.",1
Customer complaint: False advertising! Does not have the features promised in the description.,0
"Solid construction, sleek modern design, and very intuitive to operate.",1
Warning: Do not buy! Customer support refused to issue a refund or acknowledge defect.,0
Honest thoughts: Customer service was outstanding and resolved my question immediately. Five stars!,1
Warning: Defective out of the box. Power button does not respond at all. Very disappointed.,0
Review #304: Lightweight yet sturdy design. Fits comfortably in hand and looks gorgeous.,1
Customer complaint: Extremely slow performance and constant freezing. Waste of hard earned money.,0
Customer service was outstanding and resolved my question immediately. Five stars!,1
Customer complaint: App crashes constantly and fails to sync data. Completely broken software.,0
Product feedback: Brilliant user interface and responsive touch controls. A joy to use daily.,1
Do not buy! Customer support refused to issue a refund or acknowledge defect.,0
Honest thoughts: Super fast shipping and excellent packaging. Will definitely buy again from this seller.,1
Confusing instructions and impossible to assemble. Missing half the screws.,0
Review #312: Super fast shipping and excellent packaging. Will definitely buy again from this seller.,1
Battery drains completely within two hours. Completely useless for daily travel.,0
Review #314: Super fast shipping and excellent packaging. Will definitely buy again from this seller.,1
"Dull display, washed out colors, and dead pixels right in the center.",0
Review #316: The sound quality is crisp and clear with punchy bass. Love using these headphones.,1
Warning: Defective out of the box. Power button does not respond at all. Very disappointed.,0
"Works like a charm! No lag, no overheating, perfectly reliable.",1
"Dull display, washed out colors, and dead pixels right in the center.",0
"Product feedback: Very easy setup process, took less than five minutes. Seamless bluetooth connection.",1
Customer complaint: Sound is muffled and distorted even at medium volume. Painful to listen to.,0
"Solid construction, sleek modern design, and very intuitive to operate.",1
Review #323: Sound is muffled and distorted even at medium volume. Painful to listen to.,0
Honest thoughts: Super fast shipping and excellent packaging. Will definitely buy again from this seller.,1
False advertising! Does not have the features promised in the description.,0
Product feedback: Brilliant user interface and responsive touch controls. A joy to use daily.,1
"Dull display, washed out colors, and dead pixels right in the center.",0
Product feedback: Lightweight yet sturdy design. Fits comfortably in hand and looks gorgeous.,1
Review #329: Overheats dangerously within fifteen minutes of use. Major fire hazard.,0
Lightweight yet sturdy design. Fits comfortably in hand and looks gorgeous.,1
Review #331: Overheats dangerously within fifteen minutes of use. Major fire hazard.,0
"Fast delivery, works perfectly out of the box. Highly recommended to everyone.",1
Extremely slow performance and constant freezing. Waste of hard earned money.,0
Review #334: Incredible battery life and beautiful screen display. Best purchase of the year!,1
"Cheap plastic construction, noisy rattling parts, and feels flimsy.",0
Product feedback: Amazing value for money. Cheaper than competitors but performs twice as well.,1
Warning: Sound is muffled and distorted even at medium volume. Painful to listen to.,0
Amazing value for money. Cheaper than competitors but performs twice as well.,1
"Cheap plastic construction, noisy rattling parts, and feels flimsy.",0
"Review #340: Solid construction, sleek modern design, and very intuitive to operate.",1
Review #341: Sound is muffled and distorted even at medium volume. Painful to listen to.,0
Review #342: Brilliant user interface and responsive touch controls. A joy to use daily.,1
Customer complaint: Defective out of the box. Power button does not respond at all. Very disappointed.,0
Review #344: Exceeded expectations in performance and speed. Very satisfied customer.,1
"Review #345: Poor build quality, loose ports, and cables do not fit properly.",0
"Review #346: Works like a charm! No lag, no overheating, perfectly reliable.",1
Customer complaint: Battery drains completely within two hours. Completely useless for daily travel.,0
Review #348: The camera captures stunning detail in low light. Highly impressive hardware.,1
Customer complaint: Overheats dangerously within fifteen minutes of use. Major fire hazard.,0
Product feedback: Customer service was outstanding and resolved my question immediately. Five stars!,1
Review #351: Sound is muffled and distorted even at medium volume. Painful to listen to.,0
Product feedback: Durable materials and premium finish. Feels like a luxury item at a budget price.,1
Warning: Sound is muffled and distorted even at medium volume. Painful to listen to.,0
"Honest thoughts: Works like a charm! No lag, no overheating, perfectly reliable.",1
Review #355: Extremely slow performance and constant freezing. Waste of hard earned money.,0
"Product feedback: Works like a charm! No lag, no overheating, perfectly reliable.",1
"Review #357: Cheap plastic construction, noisy rattling parts, and feels flimsy.",0
Review #358: Durable materials and premium finish. Feels like a luxury item at a budget price.,1
"Warning: Worst purchase I have ever made online. Total garbage, asking for chargeback.",0
Durable materials and premium finish. Feels like a luxury item at a budget price.,1
"Customer complaint: Horrible experience with shipping, arrived two weeks late with crushed packaging.",0
"Product feedback: Fast delivery, works perfectly out of the box. Highly recommended to everyone.",1
Warning: Do not buy! Customer support refused to issue a refund or acknowledge defect.,0
Review #364: The camera captures stunning detail in low light. Highly impressive hardware.,1
"Review #365: Poor build quality, loose ports, and cables do not fit properly.",0
Amazing value for money. Cheaper than competitors but performs twice as well.,1
Warning: False advertising! Does not have the features promised in the description.,0
"Honest thoughts: Fast delivery, works perfectly out of the box. Highly recommended to everyone.",1
"Terrible quality, broke after just two days of normal use. Completely unacceptable.",0
The camera captures stunning detail in low light. Highly impressive hardware.,1
Do not buy! Customer support refused to issue a refund or acknowledge defect.,0
Amazing value for money. Cheaper than competitors but performs twice as well.,1
Customer complaint: App crashes constantly and fails to sync data. Completely broken software.,0
Product feedback: Super fast shipping and excellent packaging. Will definitely buy again from this seller.,1
Warning: App crashes constantly and fails to sync data. Completely broken software.,0
Durable materials and premium finish. Feels like a luxury item at a budget price.,1
Sound is muffled and distorted even at medium volume. Painful to listen to.,0
Honest thoughts: The camera captures stunning detail in low light. Highly impressive hardware.,1
Customer complaint: Defective out of the box. Power button does not respond at all. Very disappointed.,0
Review #380: The camera captures stunning detail in low light. Highly impressive hardware.,1
"Cheap plastic construction, noisy rattling parts, and feels flimsy.",0
Customer service was outstanding and resolved my question immediately. Five stars!,1
Overheats dangerously within fifteen minutes of use. Major fire hazard.,0
Review #384: Amazing value for money. Cheaper than competitors but performs twice as well.,1
Warning: Sound is muffled and distorted even at medium volume. Painful to listen to.,0
Incredible battery life and beautiful screen display. Best purchase of the year!,1
Warning: Battery drains completely within two hours. Completely useless for daily travel.,0
"Honest thoughts: Works like a charm! No lag, no overheating, perfectly reliable.",1
Warning: Defective out of the box. Power button does not respond at all. Very disappointed.,0
Honest thoughts: Lightweight yet sturdy design. Fits comfortably in hand and looks gorgeous.,1
Review #391: Confusing instructions and impossible to assemble. Missing half the screws.,0
"Product feedback: Very easy setup process, took less than five minutes. Seamless bluetooth connection.",1
Customer complaint: Do not buy! Customer support refused to issue a refund or acknowledge defect.,0
Brilliant user interface and responsive touch controls. A joy to use daily.,1
Customer complaint: Sound is muffled and distorted even at medium volume. Painful to listen to.,0
Brilliant user interface and responsive touch controls. A joy to use daily.,1
False advertising! Does not have the features promised in the description.,0
Review #398: The sound quality is crisp and clear with punchy bass. Love using these headphones.,1
Warning: Do not buy! Customer support refused to issue a refund or acknowledge defect.,0
Customer service was outstanding and resolved my question immediately. Five stars!,1
Customer complaint: App crashes constantly and fails to sync data. Completely broken software.,0
"Honest thoughts: Solid construction, sleek modern design, and very intuitive to operate.",1
Warning: Sound is muffled and distorted even at medium volume. Painful to listen to.,0
Honest thoughts: Super fast shipping and excellent packaging. Will definitely buy again from this seller.,1
Defective out of the box. Power button does not respond at all. Very disappointed.,0
"Honest thoughts: Solid construction, sleek modern design, and very intuitive to operate.",1
"Customer complaint: Cheap plastic construction, noisy rattling parts, and feels flimsy.",0
"Product feedback: Fast delivery, works perfectly out of the box. Highly recommended to everyone.",1
Review #409: Defective out of the box. Power button does not respond at all. Very disappointed.,0
Product feedback: Brilliant user interface and responsive touch controls. A joy to use daily.,1
Customer complaint: Battery drains completely within two hours. Completely useless for daily travel.,0
Brilliant user interface and responsive touch controls. A joy to use daily.,1
"Warning: Cheap plastic construction, noisy rattling parts, and feels flimsy.",0
"Product feedback: Fast delivery, works perfectly out of the box. Highly recommended to everyone.",1
"Customer complaint: Cheap plastic construction, noisy rattling parts, and feels flimsy.",0
Product feedback: Amazing value for money. Cheaper than competitors but performs twice as well.,1
"Review #417: Cheap plastic construction, noisy rattling parts, and feels flimsy.",0
Product feedback: Brilliant user interface and responsive touch controls. A joy to use daily.,1
"Review #419: Cheap plastic construction, noisy rattling parts, and feels flimsy.",0
"Honest thoughts: Absolutely wonderful product! Exceeded all my expectations, great quality and build.",1
Customer complaint: App crashes constantly and fails to sync data. Completely broken software.,0
Exceeded expectations in performance and speed. Very satisfied customer.,1
Review #423: Do not buy! Customer support refused to issue a refund or acknowledge defect.,0
Honest thoughts: Durable materials and premium finish. Feels like a luxury item at a budget price.,1
Sound is muffled and distorted even at medium volume. Painful to listen to.,0
Honest thoughts: The sound quality is crisp and clear with punchy bass. Love using these headphones.,1
Review #427: Extremely slow performance and constant freezing. Waste of hard earned money.,0
"Solid construction, sleek modern design, and very intuitive to operate.",1
Review #429: Do not buy! Customer support refused to issue a refund or acknowledge defect.,0
Super fast shipping and excellent packaging. Will definitely buy again from this seller.,1
Review #431: Do not buy! Customer support refused to issue a refund or acknowledge defect.,0
Product feedback: Incredible battery life and beautiful screen display. Best purchase of the year!,1
"Warning: Poor build quality, loose ports, and cables do not fit properly.",0
"Product feedback: Fast delivery, works perfectly out of the box. Highly recommended to everyone.",1
Do not buy! Customer support refused to issue a refund or acknowledge defect.,0
Product feedback: Durable materials and premium finish. Feels like a luxury item at a budget price.,1
"Poor build quality, loose ports, and cables do not fit properly.",0
The sound quality is crisp and clear with punchy bass. Love using these headphones.,1
"Cheap plastic construction, noisy rattling parts, and feels flimsy.",0
"Review #440: Solid construction, sleek modern design, and very intuitive to operate.",1
Review #441: Overheats dangerously within fifteen minutes of use. Major fire hazard.,0
"Product feedback: Works like a charm! No lag, no overheating, perfectly reliable.",1
Customer complaint: False advertising! Does not have the features promised in the description.,0
"Review #444: Solid construction, sleek modern design, and very intuitive to operate.",1
Customer complaint: Extremely slow performance and constant freezing. Waste of hard earned money.,0
Review #446: Incredible battery life and beautiful screen display. Best purchase of the year!,1
Review #447: Extremely slow performance and constant freezing. Waste of hard earned money.,0
Super fast shipping and excellent packaging. Will definitely buy again from this seller.,1
App crashes constantly and fails to sync data. Completely broken software.,0
"Review #450: Solid construction, sleek modern design, and very intuitive to operate.",1
Warning: Battery drains completely within two hours. Completely useless for daily travel.,0
Honest thoughts: Brilliant user interface and responsive touch controls. A joy to use daily.,1
App crashes constantly and fails to sync data. Completely broken software.,0
"Product feedback: Fast delivery, works perfectly out of the box. Highly recommended to everyone.",1
"Warning: Worst purchase I have ever made online. Total garbage, asking for chargeback.",0
"Product feedback: Works like a charm! No lag, no overheating, perfectly reliable.",1
"Review #457: Horrible experience with shipping, arrived two weeks late with crushed packaging.",0
"Product feedback: Very easy setup process, took less than five minutes. Seamless bluetooth connection.",1
Customer complaint: False advertising! Does not have the features promised in the description.,0
Honest thoughts: Lightweight yet sturdy design. Fits comfortably in hand and looks gorgeous.,1
"Customer complaint: Dull display, washed out colors, and dead pixels right in the center.",0
"Review #462: Fast delivery, works perfectly out of the box. Highly recommended to everyone.",1
Warning: Extremely slow performance and constant freezing. Waste of hard earned money.,0
Honest thoughts: Durable materials and premium finish. Feels like a luxury item at a budget price.,1
Review #465: Sound is muffled and distorted even at medium volume. Painful to listen to.,0
Honest thoughts: The sound quality is crisp and clear with punchy bass. Love using these headphones.,1
App crashes constantly and fails to sync data. Completely broken software.,0
"Solid construction, sleek modern design, and very intuitive to operate.",1
Review #469: Sound is muffled and distorted even at medium volume. Painful to listen to.,0
Review #470: Durable materials and premium finish. Feels like a luxury item at a budget price.,1
"Worst purchase I have ever made online. Total garbage, asking for chargeback.",0
Honest thoughts: Brilliant user interface and responsive touch controls. A joy to use daily.,1
Warning: Overheats dangerously within fifteen minutes of use. Major fire hazard.,0
"Review #474: Absolutely wonderful product! Exceeded all my expectations, great quality and build.",1
Review #475: Battery drains completely within two hours. Completely useless for daily travel.,0
"Honest thoughts: Works like a charm! No lag, no overheating, perfectly reliable.",1
Review #477: Overheats dangerously within fifteen minutes of use. Major fire hazard.,0
"Product feedback: Works like a charm! No lag, no overheating, perfectly reliable.",1
Sound is muffled and distorted even at medium volume. Painful to listen to.,0
Honest thoughts: Lightweight yet sturdy design. Fits comfortably in hand and looks gorgeous.,1
Extremely slow performance and constant freezing. Waste of hard earned money.,0
Exceeded expectations in performance and speed. Very satisfied customer.,1
Do not buy! Customer support refused to issue a refund or acknowledge defect.,0
Amazing value for money. Cheaper than competitors but performs twice as well.,1
Warning: Defective out of the box. Power button does not respond at all. Very disappointed.,0
Review #486: Exceeded expectations in performance and speed. Very satisfied customer.,1
"Customer complaint: Dull display, washed out colors, and dead pixels right in the center.",0
Amazing value for money. Cheaper than competitors but performs twice as well.,1
App crashes constantly and fails to sync data. Completely broken software.,0
"Solid construction, sleek modern design, and very intuitive to operate.",1
"Review #491: Dull display, washed out colors, and dead pixels right in the center.",0
Review #492: The sound quality is crisp and clear with punchy bass. Love using these headphones.,1
Warning: Defective out of the box. Power button does not respond at all. Very disappointed.,0
Review #494: Amazing value for money. Cheaper than competitors but performs twice as well.,1
"Poor build quality, loose ports, and cables do not fit properly.",0
Review #496: The camera captures stunning detail in low light. Highly impressive hardware.,1
False advertising! Does not have the features promised in the description.,0
Review #498: Super fast shipping and excellent packaging. Will definitely buy again from this seller.,1
Warning: Battery drains completely within two hours. Completely useless for daily travel.,0
Durable materials and premium finish. Feels like a luxury item at a budget price.,1
False advertising! Does not have the features promised in the description.,0
"Review #502: Works like a charm! No lag, no overheating, perfectly reliable.",1
Warning: Battery drains completely within two hours. Completely useless for daily travel.,0
"Product feedback: Very easy setup process, took less than five minutes. Seamless bluetooth connection.",1
"Warning: Worst purchase I have ever made online. Total garbage, asking for chargeback.",0
The sound quality is crisp and clear with punchy bass. Love using these headphones.,1
Review #507: Do not buy! Customer support refused to issue a refund or acknowledge defect.,0
Product feedback: Exceeded expectations in performance and speed. Very satisfied customer.,1
Customer complaint: App crashes constantly and fails to sync data. Completely broken software.,0
"Review #510: Solid construction, sleek modern design, and very intuitive to operate.",1
Confusing instructions and impossible to assemble. Missing half the screws.,0
"Product feedback: Fast delivery, works perfectly out of the box. Highly recommended to everyone.",1
"Review #513: Dull display, washed out colors, and dead pixels right in the center.",0
Review #514: The sound quality is crisp and clear with punchy bass. Love using these headphones.,1
Customer complaint: False advertising! Does not have the features promised in the description.,0
Honest thoughts: The sound quality is crisp and clear with punchy bass. Love using these headphones.,1
Warning: Confusing instructions and impossible to assemble. Missing half the screws.,0
Super fast shipping and excellent packaging. Will definitely buy again from this seller.,1
Customer complaint: Sound is muffled and distorted even at medium volume. Painful to listen to.,0
Product feedback: The sound quality is crisp and clear with punchy bass. Love using these headphones.,1
"Customer complaint: Horrible experience with shipping, arrived two weeks late with crushed packaging.",0
Product feedback: Lightweight yet sturdy design. Fits comfortably in hand and looks gorgeous.,1
"Review #523: Dull display, washed out colors, and dead pixels right in the center.",0
"Solid construction, sleek modern design, and very intuitive to operate.",1
Warning: Defective out of the box. Power button does not respond at all. Very disappointed.,0
Review #526: The camera captures stunning detail in low light. Highly impressive hardware.,1
"Warning: Cheap plastic construction, noisy rattling parts, and feels flimsy.",0
The camera captures stunning detail in low light. Highly impressive hardware.,1
"Customer complaint: Dull display, washed out colors, and dead pixels right in the center.",0
The sound quality is crisp and clear with punchy bass. Love using these headphones.,1
Warning: Defective out of the box. Power button does not respond at all. Very disappointed.,0
"Very easy setup process, took less than five minutes. Seamless bluetooth connection.",1
Warning: Sound is muffled and distorted even at medium volume. Painful to listen to.,0
Product feedback: The camera captures stunning detail in low light. Highly impressive hardware.,1
Customer complaint: App crashes constantly and fails to sync data. Completely broken software.,0
Durable materials and premium finish. Feels like a luxury item at a budget price.,1
Battery drains completely within two hours. Completely useless for daily travel.,0
"Honest thoughts: Absolutely wonderful product! Exceeded all my expectations, great quality and build.",1
App crashes constantly and fails to sync data. Completely broken software.,0
Brilliant user interface and responsive touch controls. A joy to use daily.,1
"Customer complaint: Horrible experience with shipping, arrived two weeks late with crushed packaging.",0
Review #542: The sound quality is crisp and clear with punchy bass. Love using these headphones.,1
Warning: Extremely slow performance and constant freezing. Waste of hard earned money.,0
Review #544: The camera captures stunning detail in low light. Highly impressive hardware.,1
"Dull display, washed out colors, and dead pixels right in the center.",0
"Fast delivery, works perfectly out of the box. Highly recommended to everyone.",1
"Customer complaint: Terrible quality, broke after just two days of normal use. Completely unacceptable.",0
Product feedback: Super fast shipping and excellent packaging. Will definitely buy again from this seller.,1
Do not buy! Customer support refused to issue a refund or acknowledge defect.,0
"Honest thoughts: Works like a charm! No lag, no overheating, perfectly reliable.",1
Defective out of the box. Power button does not respond at all. Very disappointed.,0
Review #552: Exceeded expectations in performance and speed. Very satisfied customer.,1
"Warning: Dull display, washed out colors, and dead pixels right in the center.",0
The camera captures stunning detail in low light. Highly impressive hardware.,1
Defective out of the box. Power button does not respond at all. Very disappointed.,0
Review #556: The camera captures stunning detail in low light. Highly impressive hardware.,1
Review #557: Overheats dangerously within fifteen minutes of use. Major fire hazard.,0
Honest thoughts: Customer service was outstanding and resolved my question immediately. Five stars!,1
Review #559: Battery drains completely within two hours. Completely useless for daily travel.,0
Review #560: Super fast shipping and excellent packaging. Will definitely buy again from this seller.,1
"Review #561: Poor build quality, loose ports, and cables do not fit properly.",0
Product feedback: The sound quality is crisp and clear with punchy bass. Love using these headphones.,1
Warning: App crashes constantly and fails to sync data. Completely broken software.,0
Review #564: Lightweight yet sturdy design. Fits comfortably in hand and looks gorgeous.,1
"Warning: Terrible quality, broke after just two days of normal use. Completely unacceptable.",0
"Review #566: Works like a charm! No lag, no overheating, perfectly reliable.",1
"Warning: Cheap plastic construction, noisy rattling parts, and feels flimsy.",0
Amazing value for money. Cheaper than competitors but performs twice as well.,1
Customer complaint: Extremely slow performance and constant freezing. Waste of hard earned money.,0
"Very easy setup process, took less than five minutes. Seamless bluetooth connection.",1
Customer complaint: Overheats dangerously within fifteen minutes of use. Major fire hazard.,0
Product feedback: Incredible battery life and beautiful screen display. Best purchase of the year!,1
Do not buy! Customer support refused to issue a refund or acknowledge defect.,0
Product feedback: Durable materials and premium finish. Feels like a luxury item at a budget price.,1
Customer complaint: Sound is muffled and distorted even at medium volume. Painful to listen to.,0
Customer service was outstanding and resolved my question immediately. Five stars!,1
Warning: False advertising! Does not have the features promised in the description.,0
Honest thoughts: The sound quality is crisp and clear with punchy bass. Love using these headphones.,1
Review #579: False advertising! Does not have the features promised in the description.,0
Lightweight yet sturdy design. Fits comfortably in hand and looks gorgeous.,1
"Warning: Worst purchase I have ever made online. Total garbage, asking for chargeback.",0
Product feedback: Exceeded expectations in performance and speed. Very satisfied customer.,1
Do not buy! Customer support refused to issue a refund or acknowledge defect.,0
Honest thoughts: Amazing value for money. Cheaper than competitors but performs twice as well.,1
False advertising! Does not have the features promised in the description.,0
Honest thoughts: Brilliant user interface and responsive touch controls. A joy to use daily.,1
Warning: Sound is muffled and distorted even at medium volume. Painful to listen to.,0
Customer service was outstanding and resolved my question immediately. Five stars!,1
"Dull display, washed out colors, and dead pixels right in the center.",0
"Product feedback: Fast delivery, works perfectly out of the box. Highly recommended to everyone.",1
"Warning: Horrible experience with shipping, arrived two weeks late with crushed packaging.",0
Honest thoughts: Durable materials and premium finish. Feels like a luxury item at a budget price.,1
Warning: App crashes constantly and fails to sync data. Completely broken software.,0
"Absolutely wonderful product! Exceeded all my expectations, great quality and build.",1
"Review #595: Cheap plastic construction, noisy rattling parts, and feels flimsy.",0
Review #596: Durable materials and premium finish. Feels like a luxury item at a budget price.,1
"Worst purchase I have ever made online. Total garbage, asking for chargeback.",0
Honest thoughts: The camera captures stunning detail in low light. Highly impressive hardware.,1
"Customer complaint: Poor build quality, loose ports, and cables do not fit properly.",0
Honest thoughts: Durable materials and premium finish. Feels like a luxury item at a budget price.,1
Customer complaint: Battery drains completely within two hours. Completely useless for daily travel.,0
Honest thoughts: Durable materials and premium finish. Feels like a luxury item at a budget price.,1
Customer complaint: False advertising! Does not have the features promised in the description.,0
Review #604: Exceeded expectations in performance and speed. Very satisfied customer.,1
"Review #605: Worst purchase I have ever made online. Total garbage, asking for chargeback.",0
"Solid construction, sleek modern design, and very intuitive to operate.",1
"Warning: Terrible quality, broke after just two days of normal use. Completely unacceptable.",0
Product feedback: Brilliant user interface and responsive touch controls. A joy to use daily.,1
Warning: Do not buy! Customer support refused to issue a refund or acknowledge defect.,0
Amazing value for money. Cheaper than competitors but performs twice as well.,1
Customer complaint: Extremely slow performance and constant freezing. Waste of hard earned money.,0
Honest thoughts: Incredible battery life and beautiful screen display. Best purchase of the year!,1
Warning: Confusing instructions and impossible to assemble. Missing half the screws.,0
Product feedback: The camera captures stunning detail in low light. Highly impressive hardware.,1
"Cheap plastic construction, noisy rattling parts, and feels flimsy.",0
"Honest thoughts: Works like a charm! No lag, no overheating, perfectly reliable.",1
Warning: App crashes constantly and fails to sync data. Completely broken software.,0
"Review #618: Works like a charm! No lag, no overheating, perfectly reliable.",1
Review #619: Sound is muffled and distorted even at medium volume. Painful to listen to.,0
Product feedback: Incredible battery life and beautiful screen display. Best purchase of the year!,1
"Dull display, washed out colors, and dead pixels right in the center.",0
Honest thoughts: The camera captures stunning detail in low light. Highly impressive hardware.,1
Do not buy! Customer support refused to issue a refund or acknowledge defect.,0
"Honest thoughts: Absolutely wonderful product! Exceeded all my expectations, great quality and build.",1
Review #625: Confusing instructions and impossible to assemble. Missing half the screws.,0
Honest thoughts: The sound quality is crisp and clear with punchy bass. Love using these headphones.,1
Warning: False advertising! Does not have the features promised in the description.,0
Durable materials and premium finish. Feels like a luxury item at a budget price.,1
"Warning: Dull display, washed out colors, and dead pixels right in the center.",0
"Product feedback: Fast delivery, works perfectly out of the box. Highly recommended to everyone.",1
Review #631: Sound is muffled and distorted even at medium volume. Painful to listen to.,0
Honest thoughts: Durable materials and premium finish. Feels like a luxury item at a budget price.,1
"Customer complaint: Worst purchase I have ever made online. Total garbage, asking for chargeback.",0
Review #634: Exceeded expectations in performance and speed. Very satisfied customer.,1
False advertising! Does not have the features promised in the description.,0
Honest thoughts: Lightweight yet sturdy design. Fits comfortably in hand and looks gorgeous.,1
False advertising! Does not have the features promised in the description.,0
"Product feedback: Fast delivery, works perfectly out of the box. Highly recommended to everyone.",1
"Review #639: Terrible quality, broke after just two days of normal use. Completely unacceptable.",0
"Solid construction, sleek modern design, and very intuitive to operate.",1
Review #641: Do not buy! Customer support refused to issue a refund or acknowledge defect.,0
Product feedback: Customer service was outstanding and resolved my question immediately. Five stars!,1
"Horrible experience with shipping, arrived two weeks late with crushed packaging.",0
Amazing value for money. Cheaper than competitors but performs twice as well.,1
Customer complaint: Overheats dangerously within fifteen minutes of use. Major fire hazard.,0
Lightweight yet sturdy design. Fits comfortably in hand and looks gorgeous.,1
Review #647: False advertising! Does not have the features promised in the description.,0
The camera captures stunning detail in low light. Highly impressive hardware.,1
Overheats dangerously within fifteen minutes of use. Major fire hazard.,0
"Review #650: Solid construction, sleek modern design, and very intuitive to operate.",1
Warning: App crashes constantly and fails to sync data. Completely broken software.,0
Customer service was outstanding and resolved my question immediately. Five stars!,1
Customer complaint: Sound is muffled and distorted even at medium volume. Painful to listen to.,0
Honest thoughts: The camera captures stunning detail in low light. Highly impressive hardware.,1
Warning: Do not buy! Customer support refused to issue a refund or acknowledge defect.,0
"Honest thoughts: Very easy setup process, took less than five minutes. Seamless bluetooth connection.",1
"Terrible quality, broke after just two days of normal use. Completely unacceptable.",0
"Product feedback: Solid construction, sleek modern design, and very intuitive to operate.",1
Do not buy! Customer support refused to issue a refund or acknowledge defect.,0
"Product feedback: Fast delivery, works perfectly out of the box. Highly recommended to everyone.",1
Review #661: False advertising! Does not have the features promised in the description.,0
"Honest thoughts: Absolutely wonderful product! Exceeded all my expectations, great quality and build.",1
Customer complaint: Battery drains completely within two hours. Completely useless for daily travel.,0
"Product feedback: Works like a charm! No lag, no overheating, perfectly reliable.",1
Customer complaint: Do not buy! Customer support refused to issue a refund or acknowledge defect.,0
Product feedback: Durable materials and premium finish. Feels like a luxury item at a budget price.,1
"Customer complaint: Dull display, washed out colors, and dead pixels right in the center.",0
Product feedback: Amazing value for money. Cheaper than competitors but performs twice as well.,1
"Review #669: Poor build quality, loose ports, and cables do not fit properly.",0
"Product feedback: Solid construction, sleek modern design, and very intuitive to operate.",1
Warning: Extremely slow performance and constant freezing. Waste of hard earned money.,0
"Product feedback: Works like a charm! No lag, no overheating, perfectly reliable.",1
Review #673: Do not buy! Customer support refused to issue a refund or acknowledge defect.,0
Review #674: Incredible battery life and beautiful screen display. Best purchase of the year!,1
Customer complaint: Defective out of the box. Power button does not respond at all. Very disappointed.,0
Honest thoughts: Durable materials and premium finish. Feels like a luxury item at a budget price.,1
"Customer complaint: Terrible quality, broke after just two days of normal use. Completely unacceptable.",0
"Review #678: Solid construction, sleek modern design, and very intuitive to operate.",1
Extremely slow performance and constant freezing. Waste of hard earned money.,0
"Review #680: Very easy setup process, took less than five minutes. Seamless bluetooth connection.",1
Review #681: App crashes constantly and fails to sync data. Completely broken software.,0
The sound quality is crisp and clear with punchy bass. Love using these headphones.,1
"Warning: Poor build quality, loose ports, and cables do not fit properly.",0
"Review #684: Very easy setup process, took less than five minutes. Seamless bluetooth connection.",1
Customer complaint: Sound is muffled and distorted even at medium volume. Painful to listen to.,0
Review #686: Durable materials and premium finish. Feels like a luxury item at a budget price.,1
Warning: App crashes constantly and fails to sync data. Completely broken software.,0
Review #688: The sound quality is crisp and clear with punchy bass. Love using these headphones.,1
"Terrible quality, broke after just two days of normal use. Completely unacceptable.",0
The camera captures stunning detail in low light. Highly impressive hardware.,1
"Review #691: Horrible experience with shipping, arrived two weeks late with crushed packaging.",0
The sound quality is crisp and clear with punchy bass. Love using these headphones.,1
Review #693: Do not buy! Customer support refused to issue a refund or acknowledge defect.,0
Product feedback: Amazing value for money. Cheaper than competitors but performs twice as well.,1
Customer complaint: Do not buy! Customer support refused to issue a refund or acknowledge defect.,0
"Honest thoughts: Solid construction, sleek modern design, and very intuitive to operate.",1
"Warning: Horrible experience with shipping, arrived two weeks late with crushed packaging.",0
The sound quality is crisp and clear with punchy bass. Love using these headphones.,1
Review #699: Do not buy! Customer support refused to issue a refund or acknowledge defect.,0
Product feedback: The camera captures stunning detail in low light. Highly impressive hardware.,1
"Horrible experience with shipping, arrived two weeks late with crushed packaging.",0
Product feedback: Lightweight yet sturdy design. Fits comfortably in hand and looks gorgeous.,1
"Warning: Horrible experience with shipping, arrived two weeks late with crushed packaging.",0
The camera captures stunning detail in low light. Highly impressive hardware.,1
"Horrible experience with shipping, arrived two weeks late with crushed packaging.",0
Review #706: Brilliant user interface and responsive touch controls. A joy to use daily.,1
Defective out of the box. Power button does not respond at all. Very disappointed.,0
Honest thoughts: Amazing value for money. Cheaper than competitors but performs twice as well.,1
Customer complaint: Defective out of the box. Power button does not respond at all. Very disappointed.,0
Exceeded expectations in performance and speed. Very satisfied customer.,1
Review #711: Do not buy! Customer support refused to issue a refund or acknowledge defect.,0
Review #712: The camera captures stunning detail in low light. Highly impressive hardware.,1
Do not buy! Customer support refused to issue a refund or acknowledge defect.,0
"Honest thoughts: Fast delivery, works perfectly out of the box. Highly recommended to everyone.",1
"Customer complaint: Poor build quality, loose ports, and cables do not fit properly.",0
"Review #716: Very easy setup process, took less than five minutes. Seamless bluetooth connection.",1
Warning: Overheats dangerously within fifteen minutes of use. Major fire hazard.,0
Review #718: Exceeded expectations in performance and speed. Very satisfied customer.,1
"Warning: Horrible experience with shipping, arrived two weeks late with crushed packaging.",0
The camera captures stunning detail in low light. Highly impressive hardware.,1
"Review #721: Dull display, washed out colors, and dead pixels right in the center.",0
"Honest thoughts: Solid construction, sleek modern design, and very intuitive to operate.",1
Review #723: Defective out of the box. Power button does not respond at all. Very disappointed.,0
Product feedback: Durable materials and premium finish. Feels like a luxury item at a budget price.,1
Extremely slow performance and constant freezing. Waste of hard earned money.,0
Review #726: Customer service was outstanding and resolved my question immediately. Five stars!,1
Warning: Defective out of the box. Power button does not respond at all. Very disappointed.,0
"Honest thoughts: Fast delivery, works perfectly out of the box. Highly recommended to everyone.",1
Customer complaint: Overheats dangerously within fifteen minutes of use. Major fire hazard.,0
"Works like a charm! No lag, no overheating, perfectly reliable.",1
"Review #731: Dull display, washed out colors, and dead pixels right in the center.",0
Honest thoughts: Durable materials and premium finish. Feels like a luxury item at a budget price.,1
"Customer complaint: Terrible quality, broke after just two days of normal use. Completely unacceptable.",0
"Honest thoughts: Solid construction, sleek modern design, and very intuitive to operate.",1
"Warning: Worst purchase I have ever made online. Total garbage, asking for chargeback.",0
Review #736: Amazing value for money. Cheaper than competitors but performs twice as well.,1
Customer complaint: Extremely slow performance and constant freezing. Waste of hard earned money.,0
Durable materials and premium finish. Feels like a luxury item at a budget price.,1
Customer complaint: Do not buy! Customer support refused to issue a refund or acknowledge defect.,0
Review #740: Brilliant user interface and responsive touch controls. A joy to use daily.,1
Customer complaint: Do not buy! Customer support refused to issue a refund or acknowledge defect.,0
Super fast shipping and excellent packaging. Will definitely buy again from this seller.,1
Warning: Sound is muffled and distorted even at medium volume. Painful to listen to.,0
Honest thoughts: Incredible battery life and beautiful screen display. Best purchase of the year!,1
"Warning: Cheap plastic construction, noisy rattling parts, and feels flimsy.",0
"Review #746: Works like a charm! No lag, no overheating, perfectly reliable.",1
"Review #747: Worst purchase I have ever made online. Total garbage, asking for chargeback.",0
Product feedback: Incredible battery life and beautiful screen display. Best purchase of the year!,1
"Review #749: Poor build quality, loose ports, and cables do not fit properly.",0
Review #750: Exceeded expectations in performance and speed. Very satisfied customer.,1
"Cheap plastic construction, noisy rattling parts, and feels flimsy.",0
Exceeded expectations in performance and speed. Very satisfied customer.,1
Sound is muffled and distorted even at medium volume. Painful to listen to.,0
Honest thoughts: Super fast shipping and excellent packaging. Will definitely buy again from this seller.,1
Review #755: Battery drains completely within two hours. Completely useless for daily travel.,0
Amazing value for money. Cheaper than competitors but performs twice as well.,1
Warning: Do not buy! Customer support refused to issue a refund or acknowledge defect.,0
Exceeded expectations in performance and speed. Very satisfied customer.,1
Warning: Confusing instructions and impossible to assemble. Missing half the screws.,0
"Product feedback: Absolutely wonderful product! Exceeded all my expectations, great quality and build.",1
"Review #761: Horrible experience with shipping, arrived two weeks late with crushed packaging.",0
"Product feedback: Absolutely wonderful product! Exceeded all my expectations, great quality and build.",1
"Customer complaint: Cheap plastic construction, noisy rattling parts, and feels flimsy.",0
"Product feedback: Works like a charm! No lag, no overheating, perfectly reliable.",1
"Warning: Poor build quality, loose ports, and cables do not fit properly.",0
"Honest thoughts: Solid construction, sleek modern design, and very intuitive to operate.",1
Review #767: Do not buy! Customer support refused to issue a refund or acknowledge defect.,0
The sound quality is crisp and clear with punchy bass. Love using these headphones.,1
Customer complaint: Extremely slow performance and constant freezing. Waste of hard earned money.,0
Product feedback: Super fast shipping and excellent packaging. Will definitely buy again from this seller.,1
Warning: Confusing instructions and impossible to assemble. Missing half the screws.,0
"Fast delivery, works perfectly out of the box. Highly recommended to everyone.",1
"Review #773: Dull display, washed out colors, and dead pixels right in the center.",0
Review #774: Super fast shipping and excellent packaging. Will definitely buy again from this seller.,1
Review #775: Sound is muffled and distorted even at medium volume. Painful to listen to.,0
Honest thoughts: The camera captures stunning detail in low light. Highly impressive hardware.,1
Overheats dangerously within fifteen minutes of use. Major fire hazard.,0
Durable materials and premium finish. Feels like a luxury item at a budget price.,1
App crashes constantly and fails to sync data. Completely broken software.,0
"Review #780: Solid construction, sleek modern design, and very intuitive to operate.",1
"Review #781: Horrible experience with shipping, arrived two weeks late with crushed packaging.",0
Product feedback: Amazing value for money. Cheaper than competitors but performs twice as well.,1
"Poor build quality, loose ports, and cables do not fit properly.",0
Honest thoughts: The camera captures stunning detail in low light. Highly impressive hardware.,1
Do not buy! Customer support refused to issue a refund or acknowledge defect.,0
Review #786: The camera captures stunning detail in low light. Highly impressive hardware.,1
Battery drains completely within two hours. Completely useless for daily travel.,0
Durable materials and premium finish. Feels like a luxury item at a budget price.,1
Review #789: Confusing instructions and impossible to assemble. Missing half the screws.,0
Honest thoughts: Super fast shipping and excellent packaging. Will definitely buy again from this seller.,1
Warning: App crashes constantly and fails to sync data. Completely broken software.,0
Honest thoughts: Customer service was outstanding and resolved my question immediately. Five stars!,1
"Customer complaint: Poor build quality, loose ports, and cables do not fit properly.",0
"Review #794: Fast delivery, works perfectly out of the box. Highly recommended to everyone.",1
Customer complaint: Confusing instructions and impossible to assemble. Missing half the screws.,0
Honest thoughts: Lightweight yet sturdy design. Fits comfortably in hand and looks gorgeous.,1
Customer complaint: Defective out of the box. Power button does not respond at all. Very disappointed.,0
Review #798: Customer service was outstanding and resolved my question immediately. Five stars!,1
Warning: Extremely slow performance and constant freezing. Waste of hard earned money.,0
Product feedback: Customer service was outstanding and resolved my question immediately. Five stars!,1
Customer complaint: Overheats dangerously within fifteen minutes of use. Major fire hazard.,0
"Review #802: Works like a charm! No lag, no overheating, perfectly reliable.",1
Extremely slow performance and constant freezing. Waste of hard earned money.,0
The sound quality is crisp and clear with punchy bass. Love using these headphones.,1
Warning: False advertising! Does not have the features promised in the description.,0
Honest thoughts: The camera captures stunning detail in low light. Highly impressive hardware.,1
Extremely slow performance and constant freezing. Waste of hard earned money.,0
"Fast delivery, works perfectly out of the box. Highly recommended to everyone.",1
Warning: Sound is muffled and distorted even at medium volume. Painful to listen to.,0
"Honest thoughts: Works like a charm! No lag, no overheating, perfectly reliable.",1
Review #811: Overheats dangerously within fifteen minutes of use. Major fire hazard.,0
Review #812: Amazing value for money. Cheaper than competitors but performs twice as well.,1
"Cheap plastic construction, noisy rattling parts, and feels flimsy.",0
Review #814: The sound quality is crisp and clear with punchy bass. Love using these headphones.,1
"Warning: Terrible quality, broke after just two days of normal use. Completely unacceptable.",0
Honest thoughts: The camera captures stunning detail in low light. Highly impressive hardware.,1
Review #817: Do not buy! Customer support refused to issue a refund or acknowledge defect.,0
Durable materials and premium finish. Feels like a luxury item at a budget price.,1
Review #819: Sound is muffled and distorted even at medium volume. Painful to listen to.,0
Product feedback: The sound quality is crisp and clear with punchy bass. Love using these headphones.,1
Defective out of the box. Power button does not respond at all. Very disappointed.,0
"Product feedback: Very easy setup process, took less than five minutes. Seamless bluetooth connection.",1
"Terrible quality, broke after just two days of normal use. Completely unacceptable.",0
"Honest thoughts: Fast delivery, works perfectly out of the box. Highly recommended to everyone.",1
Review #825: App crashes constantly and fails to sync data. Completely broken software.,0
"Product feedback: Very easy setup process, took less than five minutes. Seamless bluetooth connection.",1
"Customer complaint: Terrible quality, broke after just two days of normal use. Completely unacceptable.",0
Brilliant user interface and responsive touch controls. A joy to use daily.,1
Customer complaint: Sound is muffled and distorted even at medium volume. Painful to listen to.,0
Honest thoughts: Amazing value for money. Cheaper than competitors but performs twice as well.,1
"Warning: Worst purchase I have ever made online. Total garbage, asking for chargeback.",0
Super fast shipping and excellent packaging. Will definitely buy again from this seller.,1
"Warning: Poor build quality, loose ports, and cables do not fit properly.",0
Review #834: Exceeded expectations in performance and speed. Very satisfied customer.,1
"Warning: Poor build quality, loose ports, and cables do not fit properly.",0
"Honest thoughts: Fast delivery, works perfectly out of the box. Highly recommended to everyone.",1
Do not buy! Customer support refused to issue a refund or acknowledge defect.,0
"Honest thoughts: Solid construction, sleek modern design, and very intuitive to operate.",1
Customer complaint: App crashes constantly and fails to sync data. Completely broken software.,0
Review #840: Amazing value for money. Cheaper than competitors but performs twice as well.,1
Customer complaint: Overheats dangerously within fifteen minutes of use. Major fire hazard.,0
Honest thoughts: Lightweight yet sturdy design. Fits comfortably in hand and looks gorgeous.,1
"Cheap plastic construction, noisy rattling parts, and feels flimsy.",0
Review #844: Incredible battery life and beautiful screen display. Best purchase of the year!,1
"Cheap plastic construction, noisy rattling parts, and feels flimsy.",0
Honest thoughts: Exceeded expectations in performance and speed. Very satisfied customer.,1
"Customer complaint: Dull display, washed out colors, and dead pixels right in the center.",0
Review #848: Exceeded expectations in performance and speed. Very satisfied customer.,1
False advertising! Does not have the features promised in the description.,0
"Honest thoughts: Very easy setup process, took less than five minutes. Seamless bluetooth connection.",1
"Warning: Terrible quality, broke after just two days of normal use. Completely unacceptable.",0
"Product feedback: Solid construction, sleek modern design, and very intuitive to operate.",1
Warning: Battery drains completely within two hours. Completely useless for daily travel.,0
"Works like a charm! No lag, no overheating, perfectly reliable.",1
Customer complaint: Battery drains completely within two hours. Completely useless for daily travel.,0
Product feedback: Incredible battery life and beautiful screen display. Best purchase of the year!,1
Warning: Do not buy! Customer support refused to issue a refund or acknowledge defect.,0
Review #858: The camera captures stunning detail in low light. Highly impressive hardware.,1
Review #859: Confusing instructions and impossible to assemble. Missing half the screws.,0
Honest thoughts: Exceeded expectations in performance and speed. Very satisfied customer.,1
"Customer complaint: Worst purchase I have ever made online. Total garbage, asking for chargeback.",0
Durable materials and premium finish. Feels like a luxury item at a budget price.,1
Customer complaint: Extremely slow performance and constant freezing. Waste of hard earned money.,0
Product feedback: Incredible battery life and beautiful screen display. Best purchase of the year!,1
App crashes constantly and fails to sync data. Completely broken software.,0
"Absolutely wonderful product! Exceeded all my expectations, great quality and build.",1
Customer complaint: Defective out of the box. Power button does not respond at all. Very disappointed.,0
Honest thoughts: The sound quality is crisp and clear with punchy bass. Love using these headphones.,1
"Poor build quality, loose ports, and cables do not fit properly.",0
Product feedback: Customer service was outstanding and resolved my question immediately. Five stars!,1
"Cheap plastic construction, noisy rattling parts, and feels flimsy.",0
Product feedback: Lightweight yet sturdy design. Fits comfortably in hand and looks gorgeous.,1
Defective out of the box. Power button does not respond at all. Very disappointed.,0
Honest thoughts: The sound quality is crisp and clear with punchy bass. Love using these headphones.,1
"Poor build quality, loose ports, and cables do not fit properly.",0
"Very easy setup process, took less than five minutes. Seamless bluetooth connection.",1
Customer complaint: Extremely slow performance and constant freezing. Waste of hard earned money.,0
"Product feedback: Works like a charm! No lag, no overheating, perfectly reliable.",1
"Warning: Dull display, washed out colors, and dead pixels right in the center.",0
"Absolutely wonderful product! Exceeded all my expectations, great quality and build.",1
"Warning: Dull display, washed out colors, and dead pixels right in the center.",0
"Review #882: Very easy setup process, took less than five minutes. Seamless bluetooth connection.",1
Review #883: App crashes constantly and fails to sync data. Completely broken software.,0
"Review #884: Solid construction, sleek modern design, and very intuitive to operate.",1
"Customer complaint: Poor build quality, loose ports, and cables do not fit properly.",0
"Solid construction, sleek modern design, and very intuitive to operate.",1
"Customer complaint: Worst purchase I have ever made online. Total garbage, asking for chargeback.",0
The camera captures stunning detail in low light. Highly impressive hardware.,1
Customer complaint: Do not buy! Customer support refused to issue a refund or acknowledge defect.,0
The camera captures stunning detail in low light. Highly impressive hardware.,1
"Warning: Worst purchase I have ever made online. Total garbage, asking for chargeback.",0
Review #892: Lightweight yet sturdy design. Fits comfortably in hand and looks gorgeous.,1
"Review #893: Horrible experience with shipping, arrived two weeks late with crushed packaging.",0
Honest thoughts: Super fast shipping and excellent packaging. Will definitely buy again from this seller.,1
Battery drains completely within two hours. Completely useless for daily travel.,0
"Honest thoughts: Fast delivery, works perfectly out of the box. Highly recommended to everyone.",1
Review #897: Battery drains completely within two hours. Completely useless for daily travel.,0
Review #898: Amazing value for money. Cheaper than competitors but performs twice as well.,1
"Warning: Dull display, washed out colors, and dead pixels right in the center.",0
"Product feedback: Works like a charm! No lag, no overheating, perfectly reliable.",1
Review #901: Extremely slow performance and constant freezing. Waste of hard earned money.,0
"Solid construction, sleek modern design, and very intuitive to operate.",1
Customer complaint: App crashes constantly and fails to sync data. Completely broken software.,0
"Works like a charm! No lag, no overheating, perfectly reliable.",1
Review #905: Sound is muffled and distorted even at medium volume. Painful to listen to.,0
Review #906: Lightweight yet sturdy design. Fits comfortably in hand and looks gorgeous.,1
"Warning: Terrible quality, broke after just two days of normal use. Completely unacceptable.",0
Product feedback: Customer service was outstanding and resolved my question immediately. Five stars!,1
Confusing instructions and impossible to assemble. Missing half the screws.,0
"Honest thoughts: Fast delivery, works perfectly out of the box. Highly recommended to everyone.",1
Warning: Battery drains completely within two hours. Completely useless for daily travel.,0
"Review #912: Fast delivery, works perfectly out of the box. Highly recommended to everyone.",1
Battery drains completely within two hours. Completely useless for daily travel.,0
Exceeded expectations in performance and speed. Very satisfied customer.,1
Review #915: Do not buy! Customer support refused to issue a refund or acknowledge defect.,0
The camera captures stunning detail in low light. Highly impressive hardware.,1
Review #917: Overheats dangerously within fifteen minutes of use. Major fire hazard.,0
Product feedback: Exceeded expectations in performance and speed. Very satisfied customer.,1
Customer complaint: App crashes constantly and fails to sync data. Completely broken software.,0
"Solid construction, sleek modern design, and very intuitive to operate.",1
"Warning: Terrible quality, broke after just two days of normal use. Completely unacceptable.",0
Customer service was outstanding and resolved my question immediately. Five stars!,1
Review #923: Extremely slow performance and constant freezing. Waste of hard earned money.,0
"Honest thoughts: Very easy setup process, took less than five minutes. Seamless bluetooth connection.",1
Review #925: Do not buy! Customer support refused to issue a refund or acknowledge defect.,0
Super fast shipping and excellent packaging. Will definitely buy again from this seller.,1
"Terrible quality, broke after just two days of normal use. Completely unacceptable.",0
Honest thoughts: Amazing value for money. Cheaper than competitors but performs twice as well.,1
Review #929: App crashes constantly and fails to sync data. Completely broken software.,0
Review #930: Amazing value for money. Cheaper than competitors but performs twice as well.,1
Customer complaint: Defective out of the box. Power button does not respond at all. Very disappointed.,0
Review #932: Brilliant user interface and responsive touch controls. A joy to use daily.,1
"Warning: Poor build quality, loose ports, and cables do not fit properly.",0
Review #934: Incredible battery life and beautiful screen display. Best purchase of the year!,1
Warning: Defective out of the box. Power button does not respond at all. Very disappointed.,0
Product feedback: The camera captures stunning detail in low light. Highly impressive hardware.,1
"Dull display, washed out colors, and dead pixels right in the center.",0
Brilliant user interface and responsive touch controls. A joy to use daily.,1
Customer complaint: False advertising! Does not have the features promised in the description.,0
"Product feedback: Works like a charm! No lag, no overheating, perfectly reliable.",1
Do not buy! Customer support refused to issue a refund or acknowledge defect.,0
"Honest thoughts: Absolutely wonderful product! Exceeded all my expectations, great quality and build.",1
Review #943: Battery drains completely within two hours. Completely useless for daily travel.,0
"Product feedback: Works like a charm! No lag, no overheating, perfectly reliable.",1
"Review #945: Worst purchase I have ever made online. Total garbage, asking for chargeback.",0
Honest thoughts: Amazing value for money. Cheaper than competitors but performs twice as well.,1
Confusing instructions and impossible to assemble. Missing half the screws.,0
The camera captures stunning detail in low light. Highly impressive hardware.,1
"Review #949: Cheap plastic construction, noisy rattling parts, and feels flimsy.",0
"Product feedback: Works like a charm! No lag, no overheating, perfectly reliable.",1
"Warning: Cheap plastic construction, noisy rattling parts, and feels flimsy.",0
Review #952: The camera captures stunning detail in low light. Highly impressive hardware.,1
"Warning: Dull display, washed out colors, and dead pixels right in the center.",0
"Review #954: Solid construction, sleek modern design, and very intuitive to operate.",1
"Warning: Poor build quality, loose ports, and cables do not fit properly.",0
Super fast shipping and excellent packaging. Will definitely buy again from this seller.,1
App crashes constantly and fails to sync data. Completely broken software.,0
Lightweight yet sturdy design. Fits comfortably in hand and looks gorgeous.,1
Customer complaint: Defective out of the box. Power button does not respond at all. Very disappointed.,0
The sound quality is crisp and clear with punchy bass. Love using these headphones.,1
Warning: Defective out of the box. Power button does not respond at all. Very disappointed.,0
"Review #962: Works like a charm! No lag, no overheating, perfectly reliable.",1
App crashes constantly and fails to sync data. Completely broken software.,0
"Fast delivery, works perfectly out of the box. Highly recommended to everyone.",1
Customer complaint: Overheats dangerously within fifteen minutes of use. Major fire hazard.,0
"Honest thoughts: Very easy setup process, took less than five minutes. Seamless bluetooth connection.",1
Review #967: Defective out of the box. Power button does not respond at all. Very disappointed.,0
"Honest thoughts: Fast delivery, works perfectly out of the box. Highly recommended to everyone.",1
Warning: False advertising! Does not have the features promised in the description.,0
"Solid construction, sleek modern design, and very intuitive to operate.",1
Overheats dangerously within fifteen minutes of use. Major fire hazard.,0
Incredible battery life and beautiful screen display. Best purchase of the year!,1
Defective out of the box. Power button does not respond at all. Very disappointed.,0
"Honest thoughts: Absolutely wonderful product! Exceeded all my expectations, great quality and build.",1
Overheats dangerously within fifteen minutes of use. Major fire hazard.,0
"Review #976: Solid construction, sleek modern design, and very intuitive to operate.",1
Do not buy! Customer support refused to issue a refund or acknowledge defect.,0
Product feedback: Amazing value for money. Cheaper than competitors but performs twice as well.,1
"Customer complaint: Terrible quality, broke after just two days of normal use. Completely unacceptable.",0
The camera captures stunning detail in low light. Highly impressive hardware.,1
"Customer complaint: Terrible quality, broke after just two days of normal use. Completely unacceptable.",0
"Product feedback: Fast delivery, works perfectly out of the box. Highly recommended to everyone.",1
"Warning: Poor build quality, loose ports, and cables do not fit properly.",0
Amazing value for money. Cheaper than competitors but performs twice as well.,1
Review #985: Overheats dangerously within fifteen minutes of use. Major fire hazard.,0
Product feedback: Durable materials and premium finish. Feels like a luxury item at a budget price.,1
False advertising! Does not have the features promised in the description.,0
Honest thoughts: Amazing value for money. Cheaper than competitors but performs twice as well.,1
Review #989: Sound is muffled and distorted even at medium volume. Painful to listen to.,0
Product feedback: Durable materials and premium finish. Feels like a luxury item at a budget price.,1
Warning: Confusing instructions and impossible to assemble. Missing half the screws.,0
Honest thoughts: Super fast shipping and excellent packaging. Will definitely buy again from this seller.,1
Warning: False advertising! Does not have the features promised in the description.,0
Review #994: Customer service was outstanding and resolved my question immediately. Five stars!,1
"Customer complaint: Terrible quality, broke after just two days of normal use. Completely unacceptable.",0
The sound quality is crisp and clear with punchy bass. Love using these headphones.,1
"Review #997: Worst purchase I have ever made online. Total garbage, asking for chargeback.",0
"Honest thoughts: Solid construction, sleek modern design, and very intuitive to operate.",1
App crashes constantly and fails to sync data. Completely broken software.,0
