Age,MonthlyIncome,YearsAtCompany,OverTime,JobSatisfaction,WorkLifeBalance,DistanceFromHome,Attrition
50,14545,19,Yes,3,2,1,0
36,6930,15,No,3,3,21,0
29,11320,18,Yes,3,2,7,0
42,6732,11,No,3,2,6,0
40,13622,16,No,2,4,14,0
44,17523,17,Yes,4,2,2,0
32,10507,5,No,1,1,27,1
32,11518,12,No,3,4,4,0
45,4000,11,No,3,2,11,0
57,9237,15,No,2,4,15,0
45,5794,3,No,4,1,18,0
24,6997,1,No,3,1,27,0
43,3114,16,No,2,2,1,0
23,11874,2,No,1,4,3,0
45,5167,2,Yes,1,2,3,1
51,15909,3,No,3,2,28,0
59,19014,8,No,3,4,7,0
23,5483,15,No,4,2,1,0
42,15151,7,Yes,4,1,25,0
54,10730,6,No,3,4,11,0
33,9140,9,Yes,2,4,6,0
43,14279,1,No,4,4,20,0
46,17817,8,No,3,4,3,0
48,19804,3,Yes,4,2,19,0
49,10064,4,No,3,2,2,0
37,18020,15,No,1,1,18,0
36,16237,6,No,3,3,12,1
24,11823,15,No,1,3,29,0
58,17729,3,Yes,4,1,10,0
28,14213,14,Yes,3,3,5,0
42,11002,14,No,4,1,9,0
30,3045,4,No,1,2,2,0
39,6846,12,Yes,3,4,2,0
25,12496,17,No,4,4,28,0
46,18275,7,No,1,2,6,0
35,16419,9,No,4,4,29,0
30,6310,3,No,2,4,10,0
47,9706,13,No,1,3,18,0
23,11505,15,No,1,2,12,0
41,18871,18,No,1,3,4,0
49,14816,19,No,3,3,22,0
28,10936,1,Yes,3,4,21,0
29,15484,6,Yes,3,4,17,0
56,2771,2,No,2,2,15,0
35,13116,14,No,2,4,6,0
38,6861,6,No,1,4,16,1
57,9569,14,No,2,2,17,0
25,19804,4,No,4,4,3,0
23,5930,8,No,1,3,10,0
27,15176,3,No,1,2,5,0
25,13316,19,No,4,4,14,0
50,4550,14,No,1,1,26,0
39,14192,17,No,2,2,29,0
47,3665,8,Yes,3,2,21,0
55,4533,14,No,4,1,13,0
31,2645,6,No,2,4,26,0
57,16769,16,No,4,4,6,0
35,10332,19,No,4,2,12,0
52,16786,14,No,1,2,26,0
36,5132,19,Yes,1,4,8,0
29,6994,3,No,2,4,5,0
35,17652,10,No,4,3,15,0
44,11655,19,Yes,1,2,27,1
42,12926,9,Yes,1,2,16,1
37,12733,13,No,4,1,1,0
39,4328,7,Yes,2,3,16,0
45,14760,14,Yes,2,4,5,0
47,11630,9,Yes,4,3,3,0
46,7305,19,No,2,4,20,0
50,3306,15,No,1,4,15,0
36,10702,14,No,4,3,13,0
22,4368,6,No,1,2,24,0
46,17061,4,No,3,4,16,0
28,18012,8,No,3,3,23,0
30,17399,17,No,2,1,11,0
45,18720,9,No,3,3,21,0
22,18434,1,No,1,1,2,0
29,7929,14,No,3,4,22,0
45,11576,11,Yes,1,3,27,1
32,6064,3,No,2,3,6,0
38,3889,9,No,2,1,26,0
29,14093,14,No,1,3,26,0
56,9774,9,Yes,3,3,27,0
56,19708,4,No,2,4,6,0
54,19820,4,No,4,3,14,0
26,13245,8,No,2,2,25,0
49,16699,2,No,3,1,11,0
28,18376,9,No,4,3,8,0
30,10745,14,No,3,1,8,0
29,9714,9,No,1,1,1,0
33,3226,16,Yes,4,1,21,0
55,16332,17,No,3,3,7,0
54,13862,16,No,4,3,6,0
44,12606,12,No,3,1,21,0
45,10157,3,No,4,2,8,0
58,17051,11,No,3,1,19,0
56,10406,14,No,1,2,22,0
43,9787,18,No,4,1,21,1
48,3392,5,No,4,4,24,0
56,12722,16,No,4,1,20,0
22,7175,5,No,4,1,8,0
56,4433,3,Yes,1,3,26,1
58,14373,12,No,4,2,14,0
35,15739,1,No,2,4,18,1
24,13374,9,No,1,2,25,0
22,7516,9,No,2,4,29,0
26,16274,4,No,4,1,16,0
47,12252,3,No,3,3,9,0
35,19838,17,No,2,3,15,0
48,18085,2,Yes,4,2,26,0
30,9791,1,Yes,2,3,10,1
36,3474,8,Yes,4,2,29,0
36,6633,13,No,4,2,22,0
47,17163,15,No,4,4,16,0
34,6472,8,No,3,2,4,0
53,7795,12,No,2,4,20,0
53,16413,12,No,1,3,13,0
25,11605,14,Yes,1,2,22,1
51,10728,15,No,1,2,5,1
58,12403,15,No,1,1,22,1
44,5520,9,Yes,4,2,7,0
36,11487,19,Yes,2,2,23,0
50,15380,8,Yes,2,1,9,0
57,7733,19,Yes,3,1,8,1
34,12016,6,No,2,3,29,0
53,17059,19,Yes,2,2,16,1
28,19201,4,No,2,3,6,0
43,4896,7,No,3,3,28,0
49,4091,4,No,1,1,16,0
23,13803,12,No,2,4,6,0
27,8683,13,No,3,3,14,0
49,3812,3,No,3,4,21,0
49,9814,12,No,4,2,1,0
41,4639,2,Yes,3,1,25,1
51,17188,2,No,1,2,9,0
32,9424,9,Yes,2,2,25,1
49,2862,1,No,3,1,27,0
46,15981,8,Yes,1,2,24,1
54,6238,6,No,3,1,13,0
22,4969,6,No,3,4,26,0
48,18606,18,No,3,2,29,0
34,19440,17,No,3,1,19,0
24,11517,12,No,3,3,17,0
27,5308,6,Yes,1,2,11,0
29,18870,8,No,2,4,28,0
48,17370,19,No,2,1,28,0
30,15213,10,No,2,2,8,0
58,10061,1,No,2,2,23,0
54,5219,13,No,1,2,29,1
45,14200,17,No,4,4,5,0
36,6241,3,No,4,1,10,0
53,12266,8,Yes,1,3,7,0
53,6498,14,Yes,1,3,10,0
45,18577,3,Yes,3,3,4,0
33,2794,16,No,3,1,9,0
23,12677,13,No,3,3,27,1
24,12382,17,No,2,4,26,0
58,3636,13,No,3,1,14,0
38,4564,6,No,4,2,2,0
23,9509,17,No,2,4,25,0
23,15487,14,No,3,2,9,0
49,7043,17,Yes,2,3,21,1
44,3507,8,Yes,4,4,27,0
58,7945,11,No,3,1,1,1
53,13206,1,No,4,4,23,0
54,17249,7,No,4,2,10,0
22,14218,17,No,4,1,10,0
40,11939,10,No,3,4,20,0
23,15781,11,Yes,1,4,25,1
47,3935,9,Yes,3,4,22,0
53,3071,9,No,4,4,29,0
27,4882,5,No,3,1,3,0
53,7584,17,No,4,2,6,0
25,19161,9,No,1,4,29,0
32,16007,17,No,2,1,26,0
38,9559,19,No,1,2,6,0
59,15271,7,No,1,4,21,0
45,9991,9,No,2,2,2,1
26,17027,7,No,3,2,26,0
55,19924,13,No,2,1,26,0
27,17359,11,No,3,2,18,0
43,10573,14,Yes,3,1,23,0
32,11577,19,No,4,4,2,0
37,13883,11,No,4,2,12,0
54,18878,13,No,2,2,22,0
30,4853,14,No,1,3,5,0
27,7299,13,No,2,4,20,0
37,19570,1,No,3,4,7,0
50,14439,8,No,4,3,24,0
24,4928,12,Yes,2,3,16,1
41,13796,19,No,2,1,20,0
57,10313,12,No,4,1,1,0
40,16914,8,No,4,2,1,0
47,14301,8,No,4,2,17,0
24,14245,13,No,3,2,27,0
40,15525,12,No,4,2,1,0
41,5856,16,No,1,1,21,1
53,16788,1,No,2,4,20,0
28,9040,13,Yes,4,2,13,0
54,18922,7,No,4,4,9,0
39,5842,5,No,3,2,15,0
22,11578,8,No,3,3,3,0
32,5344,14,Yes,2,2,14,0
49,12896,13,No,1,2,23,0
46,19982,15,No,2,2,11,0
44,16498,17,Yes,4,1,24,0
52,15761,15,No,1,3,22,0
51,5593,18,No,1,2,12,0
56,14222,18,No,1,2,13,0
28,14145,2,No,1,4,26,0
37,17583,4,No,2,3,13,0
47,3488,1,No,3,2,1,0
23,8946,4,No,3,4,24,0
22,18835,18,Yes,4,4,10,0
33,18633,5,Yes,3,1,3,1
26,4182,19,No,3,4,24,0
58,8126,15,Yes,3,2,28,1
53,9924,8,No,3,1,4,0
30,15357,17,No,4,1,16,0
56,14655,1,No,2,2,8,0
40,19817,12,No,1,3,16,0
37,13925,19,No,3,4,27,0
24,4480,15,No,2,1,17,0
41,18022,9,No,3,3,19,0
45,11484,7,Yes,3,2,22,0
54,19675,2,No,1,4,15,0
45,18383,9,No,1,4,16,0
32,7890,10,No,1,1,15,0
29,4107,2,No,3,4,25,0
57,9073,19,Yes,3,4,2,0
59,19868,11,No,3,4,11,0
41,8276,13,No,1,4,1,1
56,6176,10,No,4,2,15,0
46,5880,14,No,2,3,26,0
56,11211,18,No,4,2,19,0
46,11282,19,No,3,2,4,0
50,19934,9,No,3,1,11,0
39,16497,7,No,4,4,5,0
39,8842,3,No,3,2,3,1
23,19843,6,Yes,2,4,13,0
56,8559,2,No,3,2,10,0
37,11384,6,No,2,2,11,0
57,8155,3,No,4,1,18,0
54,14591,16,No,4,3,2,0
25,17751,8,No,3,3,7,0
54,3026,2,No,2,2,9,0
35,5724,17,No,3,1,10,0
42,17569,9,No,1,4,18,0
41,14036,12,Yes,1,4,23,0
29,16047,3,Yes,1,2,7,0
28,4263,11,No,1,3,27,1
24,11212,1,Yes,3,1,7,0
38,8297,13,Yes,1,3,3,1
54,11708,15,No,2,4,12,0
33,7609,5,No,4,3,7,0
43,19000,17,No,4,4,17,0
43,4933,6,Yes,1,1,26,1
51,19467,11,No,1,1,1,0
59,6667,18,Yes,1,2,5,1
59,10857,4,No,3,2,16,0
29,8654,3,No,4,3,15,0
48,11420,13,No,1,1,2,0
48,19662,9,No,2,1,9,0
55,2713,6,Yes,1,2,7,1
42,6262,12,No,4,4,4,0
51,15899,2,No,1,3,20,0
54,12268,3,No,4,3,18,0
49,13140,3,Yes,1,2,21,0
54,9231,12,No,2,1,4,1
26,8291,15,No,1,2,28,0
40,18322,9,No,2,2,13,1
25,11283,8,No,2,2,1,0
56,16121,11,No,1,2,28,0
38,18519,16,No,2,4,24,0
49,5220,4,No,3,4,3,0
51,11405,1,No,1,1,16,0
50,11627,7,No,1,2,22,1
27,18885,2,No,2,4,4,0
56,8868,5,No,2,1,25,0
58,16556,7,No,1,2,23,0
45,14736,4,No,3,3,25,0
50,16951,5,No,2,4,16,0
52,19801,1,No,2,1,26,0
56,12933,1,No,4,3,19,0
54,18025,15,No,3,2,1,0
42,2589,19,No,3,2,5,0
53,12861,10,Yes,1,2,19,0
44,18869,18,No,3,4,22,0
54,5541,3,No,1,1,24,1
24,2605,11,Yes,4,3,11,0
39,11578,15,No,3,1,13,0
46,8590,11,No,2,4,20,0
52,8582,17,Yes,4,1,5,1
24,19518,17,No,1,4,21,0
45,4425,6,No,4,2,4,0
53,9417,5,No,1,3,4,0
43,3052,8,No,4,2,4,0
44,6411,2,Yes,1,1,4,1
23,5889,16,Yes,3,2,20,0
48,16129,12,No,2,3,21,1
23,4930,6,No,1,2,18,0
47,2958,1,No,4,3,18,0
38,15895,4,Yes,1,3,16,0
54,2707,17,No,1,2,9,0
30,3399,13,Yes,1,4,18,0
50,14153,18,Yes,4,1,22,0
47,18905,5,No,2,4,2,1
56,11101,3,No,3,4,21,0
46,3394,11,No,2,2,4,0
45,3014,13,No,1,1,12,0
34,6609,4,No,4,1,7,0
28,15758,14,No,2,4,15,0
57,17813,11,No,1,2,7,0
41,17849,10,No,3,1,29,0
22,9679,19,No,3,4,22,0
29,12826,18,No,3,1,26,0
37,14287,6,Yes,1,2,21,1
35,4060,15,No,4,2,17,0
33,16112,10,Yes,2,2,16,1
44,7280,5,No,3,1,28,0
36,14394,5,No,1,3,19,0
49,4856,10,Yes,1,1,9,1
55,7290,5,Yes,2,3,14,0
23,19190,3,No,3,2,17,0
53,12681,6,No,1,4,5,0
44,9557,4,Yes,2,3,2,0
43,18582,18,No,4,2,20,1
46,3161,9,No,4,2,16,0
43,7144,17,No,4,3,14,0
43,18211,13,No,3,4,14,0
27,5420,15,No,2,2,27,1
36,18502,17,No,2,3,1,0
58,16525,13,No,1,4,3,0
54,11446,16,No,1,4,26,0
29,15232,4,Yes,1,2,7,1
26,8736,5,Yes,2,1,26,1
25,18809,5,Yes,1,1,15,0
27,16018,9,No,2,2,19,0
53,2852,17,No,2,4,20,0
51,9505,13,No,4,2,2,0
56,16536,2,No,1,3,19,0
37,19042,13,No,4,1,9,0
34,3456,19,Yes,3,3,19,0
51,4571,3,No,3,2,27,0
40,11095,10,No,3,2,5,1
38,17640,2,No,2,4,18,0
40,15303,13,No,2,4,16,0
49,5953,19,No,2,4,4,0
47,9175,17,No,1,3,12,0
58,3455,14,No,4,4,29,0
47,8795,12,No,2,2,7,0
44,18421,12,No,4,4,14,0
30,17782,11,Yes,4,1,23,0
33,7203,7,No,4,4,12,0
22,9063,4,Yes,1,3,3,0
22,14503,19,No,1,1,5,0
55,13317,1,Yes,3,1,17,1
53,13671,3,No,3,1,26,0
46,15082,13,No,4,3,10,0
22,14701,15,No,3,2,10,0
37,14973,2,Yes,4,4,11,0
26,11961,11,Yes,1,1,17,1
43,18096,4,Yes,1,1,5,0
50,3029,19,Yes,1,1,13,1
24,15265,17,Yes,2,2,10,0
33,16410,3,No,4,2,9,0
47,14061,18,Yes,1,3,17,0
37,11631,8,Yes,4,2,1,0
58,3025,19,No,3,4,4,0
43,18885,5,No,3,3,4,0
50,2874,7,No,1,3,18,1
35,14697,8,No,4,4,9,0
49,7148,5,No,1,4,25,0
26,4865,17,Yes,3,4,29,0
51,4146,5,No,1,3,29,0
26,2513,4,No,4,3,18,0
33,7099,19,Yes,3,3,14,0
37,4778,2,No,2,4,25,0
47,16796,11,Yes,3,4,15,0
47,5655,13,Yes,2,1,6,1
42,10821,15,No,1,2,24,0
57,6314,12,No,1,1,10,0
54,15625,11,No,4,4,29,0
51,5716,7,Yes,2,3,15,0
58,4613,5,No,1,4,29,0
44,12738,17,No,2,2,4,0
31,16260,9,No,1,1,18,1
26,15088,14,No,3,1,18,1
57,5874,12,Yes,1,3,25,0
55,8930,6,Yes,4,1,17,1
52,14470,17,No,3,1,12,0
31,3129,19,No,4,4,7,0
40,19153,19,No,3,1,16,0
53,13331,16,No,2,1,11,0
22,8224,12,No,4,1,14,0
26,13583,12,Yes,1,3,3,0
25,15649,6,No,2,3,19,0
37,11972,4,Yes,1,4,18,0
45,8776,6,No,3,1,10,0
37,18135,11,No,3,3,6,0
23,8395,1,No,1,3,13,0
49,16494,15,No,1,4,10,0
53,13052,11,Yes,2,2,18,0
48,19459,19,Yes,1,1,26,1
41,8599,18,Yes,4,3,20,1
45,11999,17,No,4,4,26,0
33,5678,19,No,1,4,16,0
56,8616,14,No,4,4,25,0
54,18063,18,Yes,1,3,25,1
54,6068,19,No,2,1,6,0
58,12347,15,No,4,2,13,0
33,16635,15,No,4,1,4,0
24,4242,4,No,1,4,23,0
22,3119,7,No,4,4,14,0
54,19840,13,No,3,2,1,0
31,4439,3,Yes,2,1,28,1
50,18501,16,No,2,4,20,0
34,3468,9,Yes,4,4,5,0
33,17346,8,No,4,1,8,0
52,2781,13,No,3,4,12,0
23,17860,17,No,3,1,2,0
56,8762,17,No,4,4,12,0
44,3558,17,No,4,1,5,0
38,13224,1,No,3,2,22,0
47,7678,8,No,1,4,5,0
29,9480,19,No,3,2,13,0
50,11700,6,No,1,4,9,0
47,3729,3,No,2,4,10,0
31,10967,5,No,2,3,1,0
47,4789,13,No,3,1,3,0
55,3739,15,No,1,2,18,1
28,7870,14,No,3,2,12,0
25,18670,16,Yes,3,2,29,0
32,2625,18,Yes,1,1,3,1
50,15004,11,No,3,3,26,0
57,17898,3,Yes,2,2,25,1
46,9138,10,No,4,1,29,0
42,9070,10,No,4,4,9,0
57,5749,16,No,3,2,26,0
31,11610,12,No,1,2,2,0
58,10095,2,No,1,3,3,0
30,16105,9,No,2,2,14,0
45,14615,3,No,1,2,4,0
56,8794,15,No,1,4,25,0
56,8257,3,No,2,1,19,0
57,15095,19,Yes,3,1,13,0
39,4469,18,No,4,3,7,0
53,13485,8,No,2,4,12,0
45,19775,17,No,3,1,3,0
44,6970,8,No,2,4,23,0
53,12725,7,No,3,1,23,0
58,12056,7,No,2,4,9,0
33,11706,3,No,3,3,2,0
34,12491,1,Yes,2,2,29,0
44,10019,4,Yes,3,3,22,1
46,16169,5,No,2,1,9,0
56,7112,1,No,4,3,12,0
51,14873,15,No,4,2,12,0
38,18052,5,No,1,3,15,1
41,17146,13,No,3,1,2,0
46,7738,8,No,2,1,18,0
43,18077,8,Yes,3,3,13,0
34,18004,5,No,4,2,14,0
40,6219,9,Yes,3,3,5,0
57,2802,1,Yes,2,2,26,1
33,14644,4,No,3,4,10,0
40,19870,3,Yes,2,2,12,0
33,12555,2,Yes,4,4,10,0
30,6940,8,Yes,4,3,24,0
28,5572,9,No,4,2,11,0
49,16098,2,No,1,4,25,0
35,16787,14,No,4,4,2,0
52,16465,14,No,3,4,5,0
40,12019,4,No,1,1,7,0
37,15880,6,No,4,3,6,0
26,14365,11,Yes,3,4,22,0
56,10625,3,No,3,2,23,0
33,5791,8,No,3,4,3,0
46,6533,3,No,2,1,13,0
42,7605,14,No,1,3,3,0
57,19587,13,No,3,1,26,0
44,10633,13,No,2,1,25,0
37,19458,2,No,4,1,24,0
35,8204,13,No,3,2,21,1
52,10348,19,No,2,3,6,0
26,15475,6,No,3,3,11,0
56,9424,16,No,1,2,28,0
44,2988,2,No,1,3,26,0
50,9614,8,Yes,4,1,17,0
32,18240,17,No,3,3,10,0
39,5673,2,Yes,2,2,12,0
33,4167,10,No,4,1,17,0
30,6614,16,No,3,2,4,0
31,6053,6,No,4,4,2,0
38,10261,2,Yes,2,1,11,1
59,3500,2,No,4,1,7,0
28,18138,13,Yes,4,3,2,0
34,7950,15,No,4,1,26,0
30,6212,2,No,3,2,18,1
48,3867,7,No,2,3,21,0
23,10689,3,No,1,4,4,0
26,11513,8,No,3,2,8,0
50,19338,14,Yes,1,4,20,0
58,6226,7,No,1,4,14,0
59,7306,7,No,3,4,12,0
40,4690,1,No,3,1,22,0
29,11608,17,No,2,2,21,0
22,14678,9,Yes,2,2,27,1
43,5375,13,No,4,1,18,0
38,8092,19,No,1,3,11,0
28,15092,19,No,2,4,29,1
46,11427,17,Yes,4,2,28,0
25,16937,10,Yes,2,1,8,0
57,14030,10,No,3,4,2,0
27,9510,4,No,2,3,25,0
52,13707,8,Yes,1,3,15,0
40,5489,18,No,2,4,9,0
48,14540,14,No,1,3,19,0
31,11718,18,No,3,2,20,0
47,8971,14,No,1,2,8,0
40,5363,15,No,2,2,25,1
24,13193,4,No,4,3,19,0
34,3677,13,No,3,2,5,0
49,7260,8,No,2,1,11,0
41,2511,18,Yes,3,2,15,0
49,18853,12,Yes,3,2,8,0
29,14056,14,No,2,3,19,0
22,14063,2,Yes,2,2,23,1
24,16551,18,No,4,4,27,0
34,13522,2,Yes,3,1,8,0
49,10734,11,Yes,3,3,26,0
46,18673,9,No,2,1,27,0
54,15678,12,No,1,4,19,0
59,9070,17,No,2,3,18,0
27,2906,15,Yes,3,3,10,1
53,11706,17,Yes,2,2,29,1
42,6931,18,No,4,1,7,0
37,9042,6,No,1,4,28,0
42,11406,17,No,2,4,9,0
32,6646,18,No,4,3,1,0
58,14546,8,No,3,2,19,0
57,15111,9,No,2,3,5,0
56,15576,6,No,3,3,19,0
40,19024,5,No,4,3,1,0
41,7382,12,No,3,3,15,0
39,16613,11,No,4,4,16,0
35,16145,1,No,4,4,23,0
36,8512,11,No,4,3,7,0
52,19847,19,Yes,2,3,26,0
22,9651,9,Yes,3,2,12,0
24,6110,2,No,3,3,8,0
37,12384,12,No,1,4,5,0
44,9394,4,Yes,1,1,10,1
32,15967,4,No,1,4,28,0
33,18989,18,No,1,2,21,0
31,12373,15,No,3,4,5,0
53,14789,19,No,4,1,17,0
37,14708,13,No,4,3,26,0
29,13328,19,Yes,2,1,5,0
59,4637,17,Yes,4,3,22,0
33,3786,6,Yes,3,3,15,0
45,18210,16,No,3,4,13,0
49,13871,12,Yes,3,4,28,0
29,18445,19,No,2,4,1,0
49,9552,5,No,1,2,11,0
57,6154,17,No,4,4,23,0
47,18100,1,Yes,3,2,1,0
29,11136,10,Yes,3,4,11,0
49,8941,15,Yes,1,3,18,1
49,12167,11,No,3,2,18,0
58,14649,13,No,4,1,21,0
57,4298,5,Yes,2,2,26,1
48,12100,1,Yes,3,2,16,0
38,7995,12,Yes,4,1,13,1
30,12400,11,Yes,3,2,7,1
54,16173,17,No,1,3,1,0
41,13630,4,No,3,4,26,0
34,17722,15,No,3,1,16,0
49,3800,9,No,2,4,1,0
50,11935,19,Yes,1,3,17,0
34,7116,19,No,1,1,6,0
56,18893,12,No,2,4,2,0
27,13117,5,No,3,4,17,0
39,8252,10,No,4,3,6,0
26,12352,17,Yes,1,4,14,1
46,8795,5,Yes,1,3,18,1
23,19956,16,Yes,3,2,6,0
31,5725,7,No,3,3,10,0
51,3816,9,No,1,2,24,1
26,14837,3,No,3,1,18,0
54,9307,15,No,4,4,27,0
22,6183,16,No,1,3,9,0
39,9727,18,No,4,3,8,0
53,5773,14,Yes,4,4,28,0
32,2645,3,No,3,4,10,0
42,7510,12,Yes,4,1,17,0
47,18535,9,No,3,1,23,0
46,5540,7,No,2,3,29,0
43,12154,9,Yes,3,1,26,0
48,19366,13,No,4,2,6,0
34,19514,18,No,2,1,14,0
54,17496,5,No,3,1,22,0
55,18836,13,No,4,3,22,0
56,11353,4,No,1,2,6,0
22,14195,2,Yes,1,1,26,1
42,5352,16,Yes,3,2,7,0
27,18514,9,Yes,3,2,12,0
49,3487,9,No,1,2,3,0
38,10122,6,Yes,4,4,14,0
26,11660,11,No,4,4,22,0
52,19984,1,No,4,4,19,0
26,9152,4,No,3,4,23,0
59,9921,13,No,2,3,16,0
24,3269,13,No,2,1,7,0
44,16614,13,No,2,4,8,0
58,6858,2,Yes,2,3,18,1
58,14043,9,Yes,2,1,25,1
31,8199,8,No,3,4,13,0
31,3625,7,Yes,3,1,21,1
40,13293,4,Yes,2,4,9,0
38,9264,18,No,3,3,10,0
42,14823,3,Yes,3,2,21,0
35,15531,6,No,2,2,23,1
30,16552,12,Yes,4,1,27,1
22,15140,12,No,3,3,9,0
34,10343,8,No,4,2,15,0
25,16710,1,No,3,4,20,0
22,18956,4,No,3,2,2,1
53,12606,11,No,2,1,25,0
55,7689,3,Yes,3,1,13,0
49,4972,13,No,1,3,2,0
52,19591,17,No,1,1,19,0
29,9204,10,No,2,2,26,0
47,6213,12,No,4,2,2,0
55,7551,15,Yes,4,2,3,0
24,13256,10,No,4,2,6,0
33,4975,14,No,1,3,3,1
22,6110,13,Yes,4,4,10,0
26,6755,5,No,4,4,24,0
51,16984,6,Yes,2,3,27,0
51,4235,2,Yes,4,1,6,1
38,10758,17,Yes,1,4,23,0
44,10479,4,Yes,1,1,16,0
36,4928,14,No,1,4,17,0
58,14845,10,Yes,2,1,19,1
42,9926,3,No,2,3,3,0
35,11033,3,No,3,2,18,0
23,7749,15,Yes,4,1,7,0
32,12186,6,No,2,2,9,0
59,16609,17,No,1,1,20,1
55,3161,12,No,1,1,12,1
59,14575,11,Yes,2,1,5,0
55,17288,4,No,2,1,3,0
39,12560,6,No,2,1,11,0
51,18336,1,Yes,3,2,25,1
36,13026,16,Yes,1,1,4,1
48,5874,15,No,3,2,5,0
55,2707,17,Yes,3,3,1,0
59,5165,8,No,4,4,27,0
54,3132,12,No,1,1,28,1
45,5583,10,No,1,4,29,0
36,16211,15,No,2,2,18,0
51,12623,9,Yes,2,3,12,0
38,9623,2,Yes,4,3,13,0
26,13254,5,No,3,3,9,0
50,4179,6,No,2,4,2,0
25,18401,7,No,2,2,5,0
31,2736,1,Yes,1,1,13,1
38,9946,7,Yes,1,1,16,0
31,6943,12,Yes,2,2,16,0
38,17963,16,No,1,4,24,1
41,11055,16,Yes,4,1,3,0
45,19169,11,No,2,2,22,0
26,2648,4,No,1,1,4,1
55,15895,13,No,4,3,11,0
27,7395,7,No,1,1,23,1
23,19896,4,Yes,1,4,26,0
34,13523,15,No,1,2,14,0
32,13199,19,No,2,4,29,1
44,12215,9,No,3,2,3,0
37,18663,11,No,1,3,16,0
52,8282,8,No,4,2,22,0
32,19224,1,Yes,2,1,15,0
37,5317,8,Yes,2,1,28,1
29,17596,13,No,4,3,10,0
25,7799,4,No,1,2,9,0
25,12417,8,Yes,3,3,11,0
46,5767,3,No,1,1,16,1
24,6906,9,No,4,4,10,0
53,12882,2,Yes,2,3,17,0
24,6937,2,No,3,4,19,0
48,7935,13,No,2,4,2,0
50,6607,15,Yes,4,2,24,0
53,3060,12,No,1,3,23,0
40,14829,4,No,3,4,2,0
42,4326,8,No,2,4,6,0
26,13921,9,No,2,2,19,0
39,14765,5,No,2,2,8,0
49,10129,18,No,1,1,26,1
43,10825,11,No,3,4,29,0
42,10193,15,No,1,1,3,0
27,10764,9,Yes,1,4,26,0
22,15186,17,Yes,1,1,14,0
26,16216,12,Yes,4,2,25,0
33,9221,7,No,4,3,16,0
47,9873,10,Yes,4,2,1,0
55,8407,10,No,3,1,21,1
35,18627,13,Yes,1,1,3,0
47,8156,19,Yes,1,3,22,1
48,11484,11,No,4,4,26,0
30,10786,13,No,1,1,18,0
47,8401,8,Yes,1,1,9,1
43,7417,8,No,2,1,6,0
51,10929,4,No,1,3,23,0
38,17216,15,Yes,2,2,21,0
47,18295,11,No,1,1,25,0
57,13638,11,No,3,3,1,0
22,5030,1,Yes,4,1,21,0
29,19932,17,No,2,4,27,0
56,8272,15,No,4,3,10,0
36,17976,6,No,2,1,27,0
43,18251,15,Yes,2,3,6,0
35,5464,9,Yes,2,1,23,1
47,9637,14,No,3,2,12,0
49,19847,18,Yes,1,1,4,0
44,19420,17,No,2,3,28,0
35,16391,18,No,3,4,13,1
45,9840,5,No,2,4,17,0
23,10467,9,No,1,4,27,0
47,14915,11,No,2,1,8,0
35,14371,1,Yes,3,2,26,0
28,14416,18,No,1,1,20,0
24,11234,6,Yes,3,4,3,0
44,3345,2,Yes,1,3,12,0
39,4994,15,No,1,4,7,0
59,15177,14,No,4,3,12,0
56,14830,5,No,4,2,2,0
36,7679,6,Yes,4,3,24,0
46,9110,6,No,1,1,14,1
58,8930,18,Yes,2,1,22,0
49,9654,14,No,3,1,23,0
31,16328,10,Yes,3,3,5,0
38,12645,14,No,3,1,9,0
43,8988,13,No,4,1,21,0
47,6350,3,No,1,1,11,0
46,19573,6,No,4,2,5,0
38,16064,8,No,2,3,3,0
34,7578,12,No,1,3,27,0
41,14668,13,Yes,3,4,17,0
46,7948,11,Yes,4,3,2,0
25,11574,12,No,4,2,24,0
31,8906,1,No,2,3,1,0
24,11300,17,No,2,2,7,1
39,16583,16,Yes,4,2,14,0
57,4138,11,No,2,3,5,0
43,12840,13,No,3,4,19,0
55,3882,18,No,2,1,28,0
29,3903,11,No,2,1,28,0
40,11511,12,No,4,3,11,0
58,5792,6,Yes,4,3,23,0
27,11511,9,No,1,2,25,0
47,2919,16,No,1,3,2,1
55,14911,4,No,4,2,8,0
27,7017,3,Yes,2,4,9,0
58,17922,16,Yes,2,3,27,1
54,12200,12,No,1,1,3,0
43,8193,11,No,1,1,2,1
42,3267,5,No,1,3,7,0
27,17318,18,No,3,2,5,0
27,4049,19,No,3,1,21,0
25,12456,6,Yes,1,2,26,0
51,8640,18,No,2,3,5,0
32,13337,6,No,1,3,20,0
51,6216,4,No,3,1,13,1
52,6981,12,No,2,3,21,0
45,9048,19,No,3,4,29,0
30,7337,2,No,2,4,20,0
24,10258,17,No,3,1,29,0
52,13400,11,Yes,2,4,6,0
58,10493,11,Yes,2,2,20,0
57,8042,16,No,2,1,18,1
45,17328,2,Yes,2,1,25,1
52,18552,2,Yes,4,2,2,0
27,4885,8,No,3,4,25,0
23,16808,13,No,3,4,26,0
41,3171,10,No,4,4,6,0
49,2663,8,Yes,2,1,9,1
32,11156,4,Yes,2,1,25,1
25,13734,15,Yes,3,4,3,0
36,7295,1,Yes,4,3,1,0
27,13134,11,No,2,4,1,0
51,7298,7,Yes,2,2,19,1
59,13249,17,No,2,1,5,0
23,8327,18,Yes,1,2,13,0
36,7219,12,No,4,2,19,0
32,3093,9,No,2,1,12,0
29,9894,5,No,1,3,16,0
47,16556,10,No,4,4,25,0
26,13136,4,No,2,2,25,0
27,2516,5,Yes,3,1,19,1
47,5691,10,No,1,2,3,0
25,2892,11,No,1,4,12,0
40,8772,10,No,2,3,5,0
41,19455,8,Yes,2,3,2,0
54,6131,2,Yes,1,3,22,1
41,8672,8,No,3,1,7,0
33,11812,16,No,3,1,13,0
22,11406,5,No,4,3,25,0
47,19659,3,Yes,2,4,15,0
35,18962,12,No,3,4,22,0
59,10580,13,Yes,4,1,3,0
58,9599,13,Yes,3,3,28,0
32,17416,10,No,2,4,21,0
57,9583,4,Yes,4,4,20,0
34,11723,9,Yes,4,4,5,0
24,7440,2,No,4,1,24,0
54,5956,19,Yes,3,3,8,1
27,10288,1,Yes,2,2,22,0
31,5211,7,Yes,4,3,1,0
26,13780,17,Yes,1,3,8,0
44,19031,3,Yes,2,1,24,1
31,14589,3,No,1,4,18,0
23,12642,3,Yes,1,4,20,0
34,19249,17,Yes,4,1,28,0
23,18087,7,No,4,1,16,0
41,12366,14,No,3,1,18,0
22,7031,17,No,3,1,20,0
58,15186,18,No,3,1,12,0
30,7830,13,No,2,2,13,0
38,8010,18,No,3,3,13,0
30,11464,4,No,1,3,10,0
32,8993,1,No,3,3,7,0
36,13259,18,Yes,4,4,25,0
45,7939,1,Yes,3,2,14,0
59,16973,13,Yes,2,3,24,0
56,12265,10,No,2,4,16,0
51,15779,11,No,1,2,15,0
52,9011,9,No,2,2,12,0
26,13983,9,No,3,4,9,0
35,4876,5,No,4,2,8,1
32,14324,1,Yes,2,4,18,0
30,9479,17,Yes,1,3,23,1
55,12332,2,No,3,4,18,0
33,15004,13,No,1,2,13,0
56,9410,9,No,2,3,28,0
56,16589,4,No,2,3,27,0
22,4696,5,Yes,1,1,18,1
43,8478,11,No,3,1,15,0
50,19653,19,No,2,2,4,0
29,3280,3,No,4,4,17,0
32,12408,12,No,2,4,5,0
58,8803,19,Yes,3,2,22,0
35,17186,19,Yes,2,3,16,0
51,6483,13,No,1,2,9,0
56,12003,7,No,2,2,10,0
42,19405,15,No,2,3,24,0
58,15570,7,Yes,3,4,18,0
26,14732,8,No,1,2,17,0
40,7083,5,Yes,3,4,18,1
35,8446,14,Yes,2,2,7,0
47,18877,4,No,4,3,4,0
25,9628,10,No,2,3,26,0
46,14389,15,Yes,3,1,5,1
46,14775,18,Yes,4,3,28,1
39,4961,13,No,3,1,23,0
29,16791,8,Yes,3,2,16,0
35,16536,9,No,1,4,3,0
53,13935,16,No,4,3,26,0
59,3185,19,Yes,2,3,18,0
54,14758,16,Yes,3,3,29,0
44,18490,7,No,2,2,23,1
36,18922,14,No,1,1,21,0
54,13236,14,No,1,2,14,0
46,7375,4,No,4,4,15,1
38,13682,15,No,1,2,17,1
54,4696,3,No,1,4,1,0
23,9665,5,No,2,3,25,0
35,18497,1,No,1,4,21,0
27,16715,3,No,1,4,17,1
27,2801,15,No,3,1,23,1
24,19530,8,No,1,4,25,0
28,17071,4,No,3,4,11,0
29,12451,2,Yes,1,2,17,1
36,13273,10,No,1,3,26,0
50,18640,4,Yes,4,2,14,0
54,15557,3,Yes,4,2,29,0
51,15000,2,Yes,3,3,20,0
48,18421,17,No,1,3,19,0
57,14370,13,No,2,4,21,0
50,6582,5,Yes,4,4,7,0
59,16218,9,No,2,1,24,1
54,13017,6,No,4,2,13,0
58,6254,5,Yes,4,3,18,0
48,4224,10,No,1,4,23,0
54,3876,8,No,4,3,14,0
25,11206,7,No,2,4,1,0
43,11394,7,No,4,1,7,0
23,18906,6,No,3,1,8,0
31,8426,3,Yes,1,3,18,1
26,8751,19,Yes,1,1,9,1
31,11996,15,Yes,3,3,1,0
54,5800,4,No,3,4,29,0
59,11053,12,Yes,3,2,22,0
34,6227,6,Yes,4,1,17,1
52,19398,19,No,1,4,19,0
57,19332,4,No,3,2,27,0
45,8519,15,No,4,2,6,0
36,17963,9,Yes,3,2,3,0
50,12547,5,Yes,2,4,24,0
29,14254,13,No,2,4,5,0
26,5020,18,Yes,1,3,2,0
50,5581,5,Yes,4,2,20,0
25,3928,16,No,2,2,25,1
33,6467,19,No,2,2,4,0
23,8945,14,No,4,3,10,0
48,17066,16,No,3,2,10,0
52,16542,15,No,4,4,24,0
57,13829,4,Yes,3,2,21,0
57,4659,7,No,2,1,11,0
47,7632,16,Yes,2,4,27,0
48,17433,8,Yes,2,3,16,1
26,12973,17,No,1,2,26,0
41,13305,16,Yes,1,1,29,1
32,5583,10,No,1,3,29,0
31,19921,10,Yes,4,3,17,0
59,16444,2,No,2,4,16,0
27,10104,9,No,2,3,7,0
29,17879,17,Yes,4,3,16,0
44,6483,11,Yes,1,3,3,0
47,4278,10,No,4,3,26,0
33,7610,17,No,1,2,16,0
47,14587,4,No,2,2,8,0
34,19581,16,No,3,2,12,0
39,4679,15,No,1,2,3,0
46,12096,5,No,2,1,17,0
54,7751,6,No,2,2,21,0
33,11735,17,No,3,3,18,0
57,17371,1,No,2,2,11,0
25,3513,19,No,2,2,4,1
26,19110,4,No,1,4,16,0
58,4328,17,No,1,3,17,0
29,10409,9,No,3,2,9,0
49,8088,2,Yes,3,2,6,0
52,15609,8,Yes,2,2,24,0
30,4523,15,No,1,1,27,0
50,17037,7,No,3,2,20,0
35,8391,6,No,3,4,25,0
43,3580,1,Yes,4,3,2,1
32,7536,15,No,3,3,9,0
44,17879,7,No,2,2,28,0
22,13322,17,Yes,1,2,21,0
58,5063,2,No,3,2,29,0
42,5792,9,No,4,3,6,0
47,6086,9,No,1,3,3,0
57,18587,13,No,3,1,20,0
44,18600,6,No,4,4,6,0
22,9143,6,No,3,1,7,0
36,6459,3,No,1,4,1,0
42,13505,17,No,1,1,23,0
30,13275,17,No,1,3,1,0
30,2661,12,No,2,1,5,0
31,18529,16,Yes,3,4,6,0
47,19477,15,No,2,2,13,0
56,16726,13,Yes,1,4,2,0
46,13654,1,No,4,2,15,0
47,14580,17,No,3,3,15,0
32,5890,3,Yes,2,4,13,1
59,8497,15,No,3,1,26,0
23,15193,4,Yes,4,4,25,0
28,19547,4,No,2,2,14,0
39,11824,18,No,1,3,26,0
48,3041,17,No,2,1,22,0
55,7593,19,Yes,3,4,7,0
48,15928,11,Yes,3,2,14,0
38,13666,3,No,3,1,26,0
45,19751,8,No,3,3,24,0
46,18563,14,No,1,1,27,1
28,12758,1,No,2,3,29,0
27,18544,14,No,1,1,10,0
45,7969,2,No,1,4,17,0
54,8756,4,No,1,2,14,0
50,13220,19,Yes,3,4,8,0
43,3669,6,Yes,3,4,4,0
47,3330,1,No,3,3,26,0
49,4151,17,Yes,2,3,16,1
42,12018,8,No,4,3,24,0
28,15758,19,No,3,4,13,0
38,18684,1,Yes,2,1,22,1
41,3519,5,Yes,3,1,27,0
41,12528,16,No,3,4,25,0
43,14948,6,No,1,4,27,0
49,14985,8,No,1,2,20,0
28,3783,13,No,1,3,18,0
22,19543,16,No,2,3,14,0
53,4233,3,No,4,4,18,0
34,18730,19,No,4,4,5,0
51,16972,12,No,2,1,26,0
44,15389,16,No,3,4,9,0
40,5971,11,Yes,2,1,28,0
53,11528,10,No,3,4,3,0
51,10829,4,No,2,2,8,0
50,4597,12,Yes,2,2,20,0
50,16582,2,Yes,2,1,22,1
51,16430,19,No,4,3,10,1
37,12577,5,No,1,2,22,0
40,8897,8,No,2,1,19,1
39,5257,7,Yes,4,4,21,0
22,7517,14,Yes,1,4,28,1
35,18870,3,No,1,1,3,0
23,10499,18,No,2,3,11,0
49,12695,16,No,3,1,11,0
51,4596,19,No,3,1,17,0
59,17933,19,No,3,2,16,0
25,13095,18,No,2,1,7,0
22,18441,16,No,3,1,4,0
29,17578,8,No,4,4,23,0
50,7605,1,No,4,2,19,0
24,5339,17,No,4,4,12,0
53,5884,12,No,4,4,15,0
31,13351,11,No,1,3,11,0
31,12553,5,Yes,4,3,5,0
40,15993,12,No,3,2,5,0
55,19569,17,Yes,2,2,15,0
54,16639,6,No,3,3,29,0
44,10031,1,No,4,3,18,0
49,6783,5,No,1,3,11,0
53,10236,14,Yes,4,3,26,0
28,10210,5,No,2,3,12,0
50,4119,1,No,3,4,2,0
29,16475,18,No,2,2,20,1
22,15335,16,No,2,4,15,0
24,17761,9,No,2,4,20,0
45,3931,19,No,3,1,4,0
44,11567,5,Yes,4,4,22,0
29,7213,2,Yes,2,3,18,1
58,12057,15,No,3,3,6,0
24,11935,7,No,1,1,23,1
54,7498,4,Yes,3,1,27,0
49,2662,1,Yes,1,1,26,1
29,4474,13,Yes,3,1,19,1
55,10961,7,No,4,1,11,0
56,19515,15,No,2,4,28,0
53,19789,14,No,4,1,24,0
45,4514,19,No,3,4,2,0
35,12333,18,No,2,2,27,0
53,10396,10,Yes,1,1,8,0
37,2704,9,Yes,3,1,29,1
25,19465,8,Yes,2,4,11,0
58,11532,10,No,1,2,5,0
42,7847,17,No,1,4,18,0
35,5143,2,Yes,4,4,23,1
52,10517,6,No,3,1,18,0
39,19758,5,No,1,3,14,0
28,8060,9,No,2,3,22,0
31,18392,5,Yes,1,4,10,1
28,17031,18,No,1,1,3,1
54,19573,9,No,4,2,9,0
44,6500,17,Yes,4,3,3,0
42,16789,17,No,2,2,11,0
40,19555,12,Yes,4,3,12,0
40,10427,7,No,1,1,12,0
57,18062,3,No,1,4,3,0
50,3671,10,No,4,2,21,0
39,14418,2,No,1,2,7,0
23,11635,3,No,1,4,14,0
22,8842,16,No,2,2,24,1
26,14429,2,No,4,3,28,0
41,5039,10,No,1,4,11,0
32,6459,6,No,4,3,7,0
23,15683,11,No,2,3,25,0
24,7932,7,No,4,1,21,0
44,4253,15,No,1,3,10,0
33,12623,6,No,4,1,11,0
41,18876,9,No,1,2,15,0
26,9088,12,No,1,2,19,0
58,8804,19,No,1,1,16,1
59,9845,3,No,2,3,22,0
51,17852,15,No,4,4,21,0
30,3097,2,No,2,4,28,0
55,4836,2,No,4,1,20,0
56,12379,3,No,2,2,12,0
43,3072,6,No,3,2,18,0
45,10021,15,No,1,4,23,1
38,8671,10,No,1,1,13,0
31,16492,9,No,2,4,5,0
51,14361,1,Yes,3,3,4,0
44,14964,16,Yes,1,3,28,1
53,4133,6,Yes,4,1,14,1
38,14985,9,No,2,1,8,0
38,13349,4,Yes,1,3,9,1
35,6148,2,Yes,1,2,25,1
30,17677,4,No,2,1,19,0
23,15640,1,No,2,3,3,0
46,16857,19,No,4,3,5,0
30,15868,10,No,4,2,21,0
43,5637,15,Yes,1,2,26,1
25,2597,19,No,1,2,18,0
47,13907,16,No,2,2,1,1
50,15222,4,No,1,4,8,0
55,15424,2,No,1,2,19,0
44,6250,13,No,2,4,17,0
58,11035,1,No,1,1,17,1
32,7166,17,No,1,3,11,0
27,18509,13,Yes,3,4,2,0
39,19494,4,Yes,4,1,6,0
42,4227,7,Yes,2,1,22,0
57,4354,17,Yes,3,4,14,0
59,13300,9,No,4,1,3,0
55,7555,4,Yes,4,1,12,0
38,12771,19,No,4,4,4,0
58,15319,1,Yes,3,1,12,0
46,11869,10,Yes,3,2,13,0
59,11783,4,No,4,2,2,0
33,15671,9,Yes,1,3,2,0
44,8274,13,No,1,1,15,0
43,9019,14,No,3,3,23,0
42,13483,10,Yes,3,2,29,0
48,17439,6,Yes,3,2,17,0
52,3281,16,No,4,2,7,0
27,18782,6,Yes,1,1,28,1
48,9323,17,Yes,3,1,14,0
55,9693,10,Yes,3,2,12,0
33,4613,18,Yes,2,3,17,0
28,18780,18,No,4,3,14,0
31,16065,3,No,2,4,6,0
38,12683,15,No,1,2,19,0
47,11703,15,Yes,2,3,24,0
42,18295,4,Yes,2,2,6,1
49,15989,9,No,2,3,27,0
23,8046,19,No,4,4,18,0
22,9352,17,No,1,4,24,0
57,5051,11,No,2,2,5,0
47,8911,9,No,4,3,24,0
50,18891,10,No,1,1,24,0
42,2975,18,No,3,4,6,0
32,12903,13,No,2,2,2,0
32,9739,8,No,1,2,8,0
57,9210,7,Yes,2,3,15,0
56,10578,17,No,3,2,15,0
55,4785,15,No,1,4,11,0
45,7723,15,No,4,2,22,0
43,16021,1,No,1,2,22,0
26,17389,14,No,4,1,24,0
54,9471,5,Yes,1,1,1,0
57,14031,11,No,4,4,18,0
41,17221,16,No,3,3,12,0
40,7443,2,No,3,1,12,0
56,9030,8,No,3,3,25,0
38,13616,11,No,1,4,11,0
55,2758,18,No,3,1,28,0
30,2782,3,No,2,3,8,0
47,16437,1,No,3,1,28,0
23,4398,11,No,4,4,7,0
30,6635,16,No,4,4,23,0
30,9129,18,Yes,4,1,21,1
38,13668,16,No,1,3,2,0
22,3112,10,Yes,2,2,11,0
46,16703,18,No,3,2,22,0
46,19571,6,No,2,1,10,0
56,4807,19,No,2,3,3,0
24,9633,4,No,4,2,20,0
58,13705,13,Yes,4,4,29,0
51,8406,14,Yes,4,3,10,0
59,5091,3,No,1,2,28,0
55,17649,10,No,2,3,27,1
33,14650,6,No,2,1,18,0
40,9683,1,Yes,1,3,14,0
58,12602,14,Yes,1,2,18,1
38,19553,8,Yes,1,1,28,1
31,3783,19,Yes,2,3,24,1
33,3423,14,No,2,4,8,0
37,3625,10,No,4,2,10,0
45,4029,17,No,4,1,22,0
40,10938,9,No,2,3,13,0
29,18654,6,Yes,4,4,21,0
52,10504,11,No,1,2,8,0
42,12252,7,Yes,3,4,4,0
38,13092,17,Yes,4,3,27,0
44,6364,1,No,2,3,4,0
58,2726,5,Yes,4,1,5,0
37,17536,9,Yes,4,4,1,0
27,14239,18,No,4,1,17,0
29,19148,2,No,3,2,2,0
46,12087,11,No,1,1,8,0
39,14249,6,Yes,2,2,7,0
46,3145,8,Yes,3,3,15,0
33,18799,4,No,2,3,26,0
36,16175,18,Yes,2,4,25,0
47,13464,11,No,2,2,5,0
47,18587,5,Yes,3,3,2,0
53,16037,15,No,1,4,7,0
31,15769,18,Yes,2,4,8,1
37,11846,2,No,1,1,28,0
28,3087,11,No,1,4,7,0
38,15263,13,No,4,3,7,0
44,11677,4,Yes,3,1,28,1
47,6579,7,No,3,2,14,0
42,5848,11,No,4,2,21,0
43,13285,4,No,4,3,18,0
28,14828,15,No,1,3,6,0
